rank,company,year,source
1,Apple,2023,BCG Most Innovative Companies
2,Tesla,2023,BCG Most Innovative Companies
3,Amazon,2023,BCG Most Innovative Companies
4,Alphabet,2023,BCG Most Innovative Companies
5,Microsoft,2023,BCG Most Innovative Companies
6,Moderna,2023,BCG Most Innovative Companies
7,Samsung,2023,BCG Most Innovative Companies
8,Huawei,2023,BCG Most Innovative Companies
9,BYD,2023,BCG Most Innovative Companies
10,Siemens,2023,BCG Most Innovative Companies
11,Pfizer,2023,BCG Most Innovative Companies
12,Johnson and Johnson,2023,BCG Most Innovative Companies
13,SpaceX,2023,BCG Most Innovative Companies
14,NVIDIA,2023,BCG Most Innovative Companies
15,ExxonMobil,2023,BCG Most Innovative Companies
16,Meta,2023,BCG Most Innovative Companies
17,Nike,2023,BCG Most Innovative Companies
18,IBM,2023,BCG Most Innovative Companies
19,3M,2023,BCG Most Innovative Companies
20,Tata Group,2023,BCG Most Innovative Companies
21,Roche,2023,BCG Most Innovative Companies
22,Oracle,2023,BCG Most Innovative Companies
23,BioNTech,2023,BCG Most Innovative Companies
24,Shell,2023,BCG Most Innovative Companies
25,Schneider Electric,2023,BCG Most Innovative Companies
26,Procter & Gamble,2023,BCG Most Innovative Companies
27,Nestle,2023,BCG Most Innovative Companies
28,General Electric,2023,BCG Most Innovative Companies
29,Xiaomi,2023,BCG Most Innovative Companies
30,Honeywell International,2023,BCG Most Innovative Companies
31,Sony,2023,BCG Most Innovative Companies
32,Sinopec,2023,BCG Most Innovative Companies
33,Hitachi,2023,BCG Most Innovative Companies
34,McDonald's,2023,BCG Most Innovative Companies
35,Merck,2023,BCG Most Innovative Companies
36,ByteDance,2023,BCG Most Innovative Companies
37,Bosch,2023,BCG Most Innovative Companies
38,Dell,2023,BCG Most Innovative Companies
39,Glencore,2023,BCG Most Innovative Companies
40,Stripe,2023,BCG Most Innovative Companies
41,Saudi Aramco,2023,BCG Most Innovative Companies
42,Coca-Cola,2023,BCG Most Innovative Companies
43,Mercedes-Benz,2023,BCG Most Innovative Companies
44,Alibaba,2023,BCG Most Innovative Companies
45,Walmart,2023,BCG Most Innovative Companies
46,PetroChina,2023,BCG Most Innovative Companies
47,NTT Data,2023,BCG Most Innovative Companies
48,Lenovo,2023,BCG Most Innovative Companies
49,BMW,2023,BCG Most Innovative Companies
50,Unilever,2023,BCG Most Innovative Companies
