t1,t2,n_t1,n_t2,overlap,examples
cloud computing,saas,1000,1000,75,"AAJ Computer Services, Inc.; ADVANTAGE SALES & MARKETING LLC; AHMED, BURHAN U.; ALERE HEALTH IMPROVEMENT COMPANY; AT&T INTELLECTUAL PROPERTY II, L.P.; AccessAgility LLC"
social media,saas,1000,1000,29,"ADVANTAGE SALES & MARKETING LLC; AHMED, BURHAN U.; APPLE INC.; APRIMO MARKETING OPERATIONS UK LTD.; Aboomba Inc.; Adapia"
social media,cloud computing,1000,1000,21,"ADVANTAGE SALES & MARKETING LLC; AHMED, BURHAN U.; Answer Cloud; Avaya Inc.; BlueGlass Interactive, Inc.; COPYPRESS LLC"
website,online retail,1000,1000,19,"Bronx Mall Inc.; DOVE, JAY R.; Disney Enterprises, Inc.; Emeny, Steven; Follett College Stores Corporation; I-Work Networks, Inc."
cloud computing,artificial intelligence,1000,1000,14,"Autodesk, Inc.; BARCELONA INSTITUTE OF ARCHITECTURE; CERTONA CORPORATION; COGNIZANT TECHNOLOGY SOLUTIONS U.S. CORPORATION; Cognizant Technology Solutions U.S. Corporation; GARTNER, INC."
wireless,streaming,1000,1000,11,"Blundell International Corp.; CISCO TECHNOLOGY, INC.; Ing. C. Olivetti & C., S.p.A.; MEDIAPOINT, INC.; MICROSOFT CORPORATION; Northern Telecom Limited"
online retail,streaming,1000,1000,10,"BLOCKBUSTER L.L.C.; Compaq Information Technologies Group, L.P.; DISNEY ENTERPRISES, INC.; Duck Corporation, The; Jones International, Ltd.; LOTUS DEVELOPMENT CORPORATION"
website,wireless,1000,1000,9,"AT&T Corp.; Ameritech Corporation; Cellular Telecommunications Industry Association; Comcast Corporation; Discovery Communications, Inc.; INTERNATIONAL BUSINESS MACHINES CORPORATION"
website,streaming,1000,1000,9,"CE TRADEMARK, LLC; EMI Christian Music Group, Inc.; Irdeto B.V.; Jim Henson Company, Inc., The; LOTUS DEVELOPMENT CORPORATION; Quad Research"
artificial intelligence,saas,1000,1000,9,"ACCENTURE GLOBAL SOLUTIONS LIMITED; APPLE INC.; CERTONA CORPORATION; DEVONtechnologies, LLC; H2OLAP ltd.; INFOSYS LIMITED"
artificial intelligence,streaming,1000,1000,8,"Blockbuster Inc.; Intend Change Group, Inc; Intend Change Group, Inc.; Irdeto B.V.; Microsoft Corporation; Nippon Denki Kabushiki Kaisha"
wireless,cloud computing,1000,1000,7,"AT&T INTELLECTUAL PROPERTY II, L.P.; CISCO TECHNOLOGY, INC.; Fujitsu Limited; INTERNATIONAL BUSINESS MACHINES CORPORATION; IVANTI, INC.; MOTOROLA SOLUTIONS, INC."
social media,artificial intelligence,1000,1000,7,"APPLE INC.; BLAZENT, INC.; GOOGLE LLC; Honer, Jodi; INFOSYS LIMITED; INTERNATIONAL BUSINESS MACHINES CORPORATION"
cloud computing,mobile app,1000,1000,7,"AT&T INTELLECTUAL PROPERTY II, L.P.; Amazon Technologies, Inc.; Avaya Inc.; DIGITAL MANAGEMENT, LLC; IVANTI, INC.; Reed Elsevier Properties Inc."
cloud computing,streaming,1000,1000,5,"AMAZON TECHNOLOGIES, INC.; British Telecommunications plc; CISCO TECHNOLOGY, INC.; CITRIX SYSTEMS, INC.; Microsoft Corporation"
website,artificial intelligence,1000,1000,4,"Casio Keisanki Kabushiki Kaisha; INFOTRIEVE, INC.; INTERNATIONAL BUSINESS MACHINES CORPORATION; Irdeto B.V."
wireless,online retail,1000,1000,4,"Advance Magazine Publishers Inc.; INTERNATIONAL DATA GROUP, INC.; International Data Group, Inc.; Sony Kabushiki Kaisha"
wireless,social media,1000,1000,4,"INTERNATIONAL BUSINESS MACHINES CORPORATION; International Data Group, Inc.; MOTOROLA TRADEMARK HOLDINGS, LLC; Motorola, Inc."
wireless,artificial intelligence,1000,1000,4,"HUGHES AIRCRAFT COMPANY; INTERNATIONAL BUSINESS MACHINES CORPORATION; Lifecom, Inc.; Westinghouse Electric Corporation"
social media,mobile app,1000,1000,4,Appetizer Mobile LLC; Avaya Inc.; Blue Cross and Blue Shield Association; Nortap Technology Inc.
blockchain,mobile app,1000,1000,4,"0934781 B.C. Ltd; Crawford, Jesse L; Paul Farkas; SAP SE"
website,social media,1000,1000,3,"Hampton Roads Educational Telecommunications Association, Inc.; INTERNATIONAL BUSINESS MACHINES CORPORATION; International Data Group, Inc."
online retail,saas,1000,1000,3,"CREXENDO, INC.; Furniture.com, Inc.; Jostens, Inc."
blockchain,artificial intelligence,1000,1000,3,"360 Holdings Corp.; Daplie, Inc.; Paul Farkas"
mobile app,streaming,1000,1000,3,"Firstrade Securities Inc.; RELX INC.; SIEMENS INDUSTRY, INC."
website,cloud computing,1000,1000,2,"INTERNATIONAL BUSINESS MACHINES CORPORATION; JOHN WILEY & SONS, INC."
wireless,mobile app,1000,1000,2,"AT&T INTELLECTUAL PROPERTY II, L.P.; IVANTI, INC."
wireless,saas,1000,1000,2,"AT&T INTELLECTUAL PROPERTY II, L.P.; INTERNATIONAL BUSINESS MACHINES CORPORATION"
online retail,social media,1000,1000,2,"International Data Group, Inc.; XO GROUP INC."
online retail,artificial intelligence,1000,1000,2,"BLOCKBUSTER INC.; Schechter, Paul L."
artificial intelligence,mobile app,1000,1000,2,Paul Farkas; Tencent Holdings Limited
mobile app,saas,1000,1000,2,"AT&T INTELLECTUAL PROPERTY II, L.P.; SITE ORGANIC, L.L.C."
streaming,saas,1000,1000,2,"British Telecommunications plc; CITRIX SYSTEMS, INC."
website,saas,1000,1000,1,INTERNATIONAL BUSINESS MACHINES CORPORATION
social media,blockchain,1000,1000,1,"Souza, John"
social media,streaming,1000,1000,1,"creativdesign group, Inc."
blockchain,saas,1000,1000,1,"CLOUD SOFTWARE GROUP, INC."
website,blockchain,1000,1000,0,""
website,mobile app,1000,1000,0,""
wireless,blockchain,1000,1000,0,""
online retail,blockchain,1000,1000,0,""
online retail,cloud computing,1000,1000,0,""
online retail,mobile app,1000,1000,0,""
blockchain,cloud computing,1000,1000,0,""
blockchain,streaming,1000,1000,0,""
