year,total_filings,debut_count,share,cls,class_name,n_ipo_events_in_year,ipo_treat
2005,4263,1579,0.3703964344358433,001,Chemicals & Industrial,0,0
2006,4502,1627,0.3613949355841848,001,Chemicals & Industrial,0,0
2007,4810,1764,0.36673596673596676,001,Chemicals & Industrial,0,0
2008,4947,1673,0.3381847584394583,001,Chemicals & Industrial,0,0
2009,4412,1564,0.35448776065276516,001,Chemicals & Industrial,0,0
2010,4821,1733,0.35946898983613357,001,Chemicals & Industrial,0,0
2011,5120,1826,0.356640625,001,Chemicals & Industrial,0,0
2012,5170,1842,0.3562862669245648,001,Chemicals & Industrial,4,1
2013,5177,1810,0.34962333397720685,001,Chemicals & Industrial,1,1
2014,5778,2061,0.35669781931464173,001,Chemicals & Industrial,1,1
2015,5798,2068,0.35667471541911006,001,Chemicals & Industrial,3,1
2016,5726,2036,0.3555710792874607,001,Chemicals & Industrial,0,0
2017,6280,2183,0.3476114649681529,001,Chemicals & Industrial,0,0
2018,6018,2074,0.3446327683615819,001,Chemicals & Industrial,1,1
2019,6967,2538,0.3642887900100474,001,Chemicals & Industrial,1,1
2020,7276,2516,0.34579439252336447,001,Chemicals & Industrial,1,1
2021,7455,2661,0.35694164989939636,001,Chemicals & Industrial,7,1
2022,6838,2409,0.35229599298040365,001,Chemicals & Industrial,0,0
2023,6649,2325,0.3496766431042262,001,Chemicals & Industrial,0,0
2024,6809,2493,0.36613305918637096,001,Chemicals & Industrial,0,0
2025,6834,2416,0.35352648522095403,001,Chemicals & Industrial,0,0
2005,1441,518,0.35947258848022207,002,Paints & Coatings,0,0
2006,1353,525,0.38802660753880264,002,Paints & Coatings,0,0
2007,1451,555,0.3824948311509304,002,Paints & Coatings,0,0
2008,1469,504,0.3430905377808033,002,Paints & Coatings,0,0
2009,1220,434,0.3557377049180328,002,Paints & Coatings,0,0
2010,1316,509,0.38677811550151975,002,Paints & Coatings,0,0
2011,1467,550,0.37491479209270623,002,Paints & Coatings,0,0
2012,1308,467,0.3570336391437309,002,Paints & Coatings,0,0
2013,1346,463,0.3439821693907875,002,Paints & Coatings,0,0
2014,1595,546,0.34231974921630093,002,Paints & Coatings,0,0
2015,1590,625,0.39308176100628933,002,Paints & Coatings,0,0
2016,1623,682,0.42020948860135554,002,Paints & Coatings,1,1
2017,1746,749,0.4289805269186712,002,Paints & Coatings,0,0
2018,1668,702,0.420863309352518,002,Paints & Coatings,0,0
2019,2072,1040,0.5019305019305019,002,Paints & Coatings,0,0
2020,2190,958,0.4374429223744292,002,Paints & Coatings,0,0
2021,2158,1042,0.48285449490268767,002,Paints & Coatings,0,0
2022,1743,810,0.46471600688468157,002,Paints & Coatings,0,0
2023,1888,856,0.4533898305084746,002,Paints & Coatings,0,0
2024,2004,934,0.4660678642714571,002,Paints & Coatings,0,0
2025,2013,922,0.4580228514654744,002,Paints & Coatings,0,0
2005,12113,4164,0.3437628993643193,003,Cosmetics & Cleaning,0,0
2006,11728,4299,0.36655866302864937,003,Cosmetics & Cleaning,0,0
2007,12638,4726,0.37395157461623674,003,Cosmetics & Cleaning,0,0
2008,12026,4337,0.3606352902045568,003,Cosmetics & Cleaning,0,0
2009,10868,4072,0.374677953625322,003,Cosmetics & Cleaning,0,0
2010,11468,4206,0.36675967910708057,003,Cosmetics & Cleaning,0,0
2011,12351,4555,0.36879604890292284,003,Cosmetics & Cleaning,0,0
2012,12618,4810,0.3812014582342685,003,Cosmetics & Cleaning,2,1
2013,13096,4910,0.3749236408063531,003,Cosmetics & Cleaning,2,1
2014,13915,5369,0.3858426158821416,003,Cosmetics & Cleaning,0,0
2015,15359,6377,0.4151963018425679,003,Cosmetics & Cleaning,0,0
2016,16385,7148,0.43625267012511443,003,Cosmetics & Cleaning,1,1
2017,19431,9104,0.46852966908548194,003,Cosmetics & Cleaning,0,0
2018,22309,10614,0.4757721099107983,003,Cosmetics & Cleaning,0,0
2019,25522,12819,0.5022725491732623,003,Cosmetics & Cleaning,2,1
2020,33800,19283,0.5705029585798816,003,Cosmetics & Cleaning,0,0
2021,29229,15990,0.5470594272811249,003,Cosmetics & Cleaning,4,1
2022,22580,11571,0.512444641275465,003,Cosmetics & Cleaning,0,0
2023,23879,12685,0.5312199003308347,003,Cosmetics & Cleaning,0,0
2024,29337,15759,0.5371714899273954,003,Cosmetics & Cleaning,0,0
2025,33224,17869,0.5378340958343366,003,Cosmetics & Cleaning,0,0
2005,1514,626,0.4134742404227213,004,Lubricants & Fuels,0,0
2006,1683,788,0.4682115270350565,004,Lubricants & Fuels,0,0
2007,1691,768,0.4541691306918983,004,Lubricants & Fuels,0,0
2008,1780,752,0.42247191011235957,004,Lubricants & Fuels,0,0
2009,1566,659,0.42081736909323114,004,Lubricants & Fuels,0,0
2010,1667,724,0.43431313737252547,004,Lubricants & Fuels,0,0
2011,1830,723,0.3950819672131147,004,Lubricants & Fuels,0,0
2012,1630,675,0.41411042944785276,004,Lubricants & Fuels,0,0
2013,1696,735,0.43337264150943394,004,Lubricants & Fuels,0,0
2014,1894,770,0.4065469904963041,004,Lubricants & Fuels,1,1
2015,1958,844,0.4310520939734423,004,Lubricants & Fuels,0,0
2016,2145,941,0.4386946386946387,004,Lubricants & Fuels,0,0
2017,2378,1094,0.4600504625735913,004,Lubricants & Fuels,0,0
2018,2420,1149,0.47479338842975205,004,Lubricants & Fuels,0,0
2019,2879,1423,0.49426884334838483,004,Lubricants & Fuels,0,0
2020,3847,2163,0.5622563036132051,004,Lubricants & Fuels,0,0
2021,4721,2724,0.576996399067994,004,Lubricants & Fuels,1,1
2022,3721,2014,0.541252351518409,004,Lubricants & Fuels,0,0
2023,3762,2064,0.5486443381180224,004,Lubricants & Fuels,0,0
2024,3688,1895,0.5138286334056399,004,Lubricants & Fuels,0,0
2025,3493,1837,0.5259089607787003,004,Lubricants & Fuels,0,0
2005,13196,4128,0.3128220672931191,005,Pharmaceuticals,0,0
2006,14107,4401,0.3119727794711845,005,Pharmaceuticals,0,0
2007,14540,4790,0.3294360385144429,005,Pharmaceuticals,0,0
2008,14590,4586,0.31432488005483206,005,Pharmaceuticals,0,0
2009,13999,4428,0.3163083077362669,005,Pharmaceuticals,0,0
2010,14627,4692,0.32077664592876187,005,Pharmaceuticals,0,0
2011,15566,5081,0.3264165488886034,005,Pharmaceuticals,0,0
2012,14937,4864,0.325634330856263,005,Pharmaceuticals,11,1
2013,15863,5202,0.3279329256761016,005,Pharmaceuticals,11,1
2014,16592,5516,0.3324493731918997,005,Pharmaceuticals,14,1
2015,17594,6353,0.3610890076162328,005,Pharmaceuticals,17,1
2016,18310,6567,0.3586564718732933,005,Pharmaceuticals,5,1
2017,20354,7830,0.3846909698339393,005,Pharmaceuticals,12,1
2018,22591,8987,0.39781328847771236,005,Pharmaceuticals,18,1
2019,25559,10378,0.40604092491881527,005,Pharmaceuticals,13,1
2020,31433,13528,0.4303757197849394,005,Pharmaceuticals,14,1
2021,26474,10871,0.4106292966684294,005,Pharmaceuticals,20,1
2022,22404,8475,0.37828066416711303,005,Pharmaceuticals,2,1
2023,22667,9370,0.4133762738783253,005,Pharmaceuticals,0,0
2024,28309,12861,0.4543078173019181,005,Pharmaceuticals,0,0
2025,33286,15150,0.455146307757015,005,Pharmaceuticals,0,0
2005,3702,1744,0.47109670448406266,006,Common Metals,0,0
2006,3688,1711,0.46393709327548804,006,Common Metals,0,0
2007,4024,1844,0.45825049701789267,006,Common Metals,0,0
2008,3893,1799,0.46211148214744413,006,Common Metals,0,0
2009,3523,1608,0.45642917967641217,006,Common Metals,0,0
2010,3695,1648,0.4460081190798376,006,Common Metals,0,0
2011,3809,1675,0.43974796534523497,006,Common Metals,0,0
2012,3621,1576,0.4352388842861088,006,Common Metals,1,1
2013,3928,1737,0.44220977596741345,006,Common Metals,0,0
2014,4117,1737,0.42190915715326693,006,Common Metals,1,1
2015,4087,1781,0.4357719598727673,006,Common Metals,0,0
2016,4555,2081,0.45686059275521407,006,Common Metals,0,0
2017,4939,2353,0.4764122291961936,006,Common Metals,0,0
2018,5017,2349,0.4682080924855491,006,Common Metals,0,0
2019,5744,2911,0.5067896935933147,006,Common Metals,0,0
2020,6961,3811,0.5474788105157306,006,Common Metals,0,0
2021,7827,4225,0.5397981346620672,006,Common Metals,2,1
2022,6873,3562,0.5182598574130656,006,Common Metals,0,0
2023,7252,3935,0.5426089354660784,006,Common Metals,0,0
2024,8440,4601,0.5451421800947868,006,Common Metals,0,0
2025,7542,3994,0.5295677539114293,006,Common Metals,0,0
2005,5427,2370,0.4367053620784964,007,Machines & Power Tools,0,0
2006,5840,2587,0.4429794520547945,007,Machines & Power Tools,0,0
2007,6341,2733,0.4310045734111339,007,Machines & Power Tools,0,0
2008,6334,2730,0.4310072623934323,007,Machines & Power Tools,0,0
2009,5463,2226,0.4074684239428885,007,Machines & Power Tools,0,0
2010,5775,2473,0.42822510822510823,007,Machines & Power Tools,0,0
2011,5947,2490,0.4186985034471162,007,Machines & Power Tools,0,0
2012,6102,2538,0.415929203539823,007,Machines & Power Tools,2,1
2013,6443,2571,0.3990377153499922,007,Machines & Power Tools,0,0
2014,6416,2576,0.4014962593516209,007,Machines & Power Tools,0,0
2015,7148,3034,0.42445439283715725,007,Machines & Power Tools,1,1
2016,7637,3250,0.42555977478067303,007,Machines & Power Tools,0,0
2017,8733,3922,0.44910111072941716,007,Machines & Power Tools,1,1
2018,9186,4047,0.4405617243631613,007,Machines & Power Tools,0,0
2019,9534,4550,0.47723935389133626,007,Machines & Power Tools,1,1
2020,11536,5874,0.5091886269070736,007,Machines & Power Tools,1,1
2021,12722,6599,0.518707750353718,007,Machines & Power Tools,4,1
2022,10848,5191,0.4785213864306785,007,Machines & Power Tools,0,0
2023,11476,5794,0.5048797490414779,007,Machines & Power Tools,0,0
2024,13449,6926,0.514982526581902,007,Machines & Power Tools,0,0
2025,13525,6786,0.5017375231053605,007,Machines & Power Tools,0,0
2005,2021,748,0.3701138050470064,008,Hand Tools,0,0
2006,2199,963,0.4379263301500682,008,Hand Tools,0,0
2007,2213,863,0.38996836873023044,008,Hand Tools,0,0
2008,2019,777,0.3848439821693908,008,Hand Tools,0,0
2009,1801,753,0.4181010549694614,008,Hand Tools,0,0
2010,2041,832,0.40764331210191085,008,Hand Tools,0,0
2011,2157,844,0.3912841910060269,008,Hand Tools,0,0
2012,2168,840,0.3874538745387454,008,Hand Tools,1,1
2013,2414,920,0.38111019055509526,008,Hand Tools,0,0
2014,2587,1008,0.3896405102435253,008,Hand Tools,0,0
2015,3044,1368,0.44940867279894875,008,Hand Tools,0,0
2016,3798,1878,0.49447077409162715,008,Hand Tools,0,0
2017,4572,2382,0.520997375328084,008,Hand Tools,0,0
2018,5014,2638,0.5261268448344635,008,Hand Tools,0,0
2019,5581,3096,0.5547392940333273,008,Hand Tools,0,0
2020,10053,6196,0.6163334328061275,008,Hand Tools,0,0
2021,9340,5582,0.597644539614561,008,Hand Tools,1,1
2022,6221,3466,0.5571451535122971,008,Hand Tools,0,0
2023,6722,3842,0.5715560844986611,008,Hand Tools,0,0
2024,7942,4457,0.561193653991438,008,Hand Tools,0,0
2025,7275,4004,0.5503780068728522,008,Hand Tools,0,0
2005,38347,16646,0.43408871619683415,009,Software & Electronics,0,0
2006,39401,17500,0.44415116367604884,009,Software & Electronics,0,0
2007,41820,18348,0.4387374461979914,009,Software & Electronics,0,0
2008,39008,16658,0.4270406070549631,009,Software & Electronics,0,0
2009,35956,15393,0.4281065747024141,009,Software & Electronics,0,0
2010,38676,16412,0.4243458475540387,009,Software & Electronics,0,0
2011,43418,18597,0.42832465797595465,009,Software & Electronics,0,0
2012,45592,19767,0.4335629057729426,009,Software & Electronics,18,1
2013,47287,20984,0.4437583268128661,009,Software & Electronics,2,1
2014,51743,24290,0.46943547919525347,009,Software & Electronics,6,1
2015,57363,28765,0.5014556421386608,009,Software & Electronics,4,1
2016,59239,30716,0.5185097655260892,009,Software & Electronics,5,1
2017,66283,34761,0.5244331125627989,009,Software & Electronics,8,1
2018,66716,34419,0.5159032316086096,009,Software & Electronics,3,1
2019,64773,32546,0.5024624457721582,009,Software & Electronics,4,1
2020,78320,42190,0.5386874361593462,009,Software & Electronics,10,1
2021,83308,44135,0.5297810534402458,009,Software & Electronics,36,1
2022,75325,37123,0.4928377032857617,009,Software & Electronics,7,1
2023,67960,34096,0.5017068864037669,009,Software & Electronics,0,0
2024,72718,37540,0.5162408207046398,009,Software & Electronics,0,0
2025,80745,42842,0.5305839370858877,009,Software & Electronics,0,0
2005,6108,2355,0.3855599214145383,010,Medical Devices,0,0
2006,6188,2310,0.3733031674208145,010,Medical Devices,0,0
2007,6650,2531,0.3806015037593985,010,Medical Devices,0,0
2008,6595,2457,0.3725549658832449,010,Medical Devices,0,0
2009,6285,2299,0.3657915672235481,010,Medical Devices,0,0
2010,6807,2509,0.3685911561627736,010,Medical Devices,0,0
2011,6913,2684,0.38825401417618977,010,Medical Devices,0,0
2012,7272,2680,0.36853685368536854,010,Medical Devices,6,1
2013,7349,2753,0.37460879031160704,010,Medical Devices,2,1
2014,7633,2953,0.38687278920476875,010,Medical Devices,2,1
2015,8537,3501,0.41009722384912733,010,Medical Devices,2,1
2016,9392,4001,0.4260008517887564,010,Medical Devices,5,1
2017,10617,4664,0.43929546952999904,010,Medical Devices,2,1
2018,11531,5284,0.4582429971381493,010,Medical Devices,1,1
2019,12231,5732,0.4686452456871883,010,Medical Devices,3,1
2020,22960,12272,0.5344947735191637,010,Medical Devices,1,1
2021,17000,8207,0.48276470588235293,010,Medical Devices,10,1
2022,13370,6140,0.45923709798055345,010,Medical Devices,1,1
2023,13588,6712,0.4939652634677657,010,Medical Devices,0,0
2024,14195,6888,0.4852412821415992,010,Medical Devices,0,0
2025,14385,6780,0.47132429614181437,010,Medical Devices,0,0
2005,5460,2210,0.40476190476190477,011,"Lighting, HVAC & Appliances",0,0
2006,6000,2407,0.40116666666666667,011,"Lighting, HVAC & Appliances",0,0
2007,6442,2644,0.4104315429990686,011,"Lighting, HVAC & Appliances",0,0
2008,6186,2525,0.40817976075008083,011,"Lighting, HVAC & Appliances",0,0
2009,5927,2429,0.40981947022102244,011,"Lighting, HVAC & Appliances",0,0
2010,6220,2636,0.4237942122186495,011,"Lighting, HVAC & Appliances",0,0
2011,6485,2577,0.39737856592135695,011,"Lighting, HVAC & Appliances",0,0
2012,6379,2519,0.39488948110989186,011,"Lighting, HVAC & Appliances",1,1
2013,6859,2636,0.3843125820090392,011,"Lighting, HVAC & Appliances",0,0
2014,7475,3089,0.41324414715719066,011,"Lighting, HVAC & Appliances",1,1
2015,8506,3742,0.4399247589936515,011,"Lighting, HVAC & Appliances",0,0
2016,10450,5148,0.4926315789473684,011,"Lighting, HVAC & Appliances",0,0
2017,12920,6927,0.5361455108359133,011,"Lighting, HVAC & Appliances",0,0
2018,12710,6657,0.5237608182533439,011,"Lighting, HVAC & Appliances",0,0
2019,13849,7501,0.5416275543360531,011,"Lighting, HVAC & Appliances",0,0
2020,27194,16787,0.6173052879311612,011,"Lighting, HVAC & Appliances",0,0
2021,24575,14791,0.6018718209562564,011,"Lighting, HVAC & Appliances",5,1
2022,16518,9384,0.5681075190701054,011,"Lighting, HVAC & Appliances",1,1
2023,16810,9761,0.580666270077335,011,"Lighting, HVAC & Appliances",0,0
2024,19458,11014,0.566039675197862,011,"Lighting, HVAC & Appliances",0,0
2025,18162,9651,0.5313842087875784,011,"Lighting, HVAC & Appliances",0,0
2005,4948,2324,0.4696847210994341,012,Vehicles,0,0
2006,4982,2301,0.4618627057406664,012,Vehicles,0,0
2007,5178,2344,0.4526844341444573,012,Vehicles,0,0
2008,5076,2223,0.4379432624113475,012,Vehicles,0,0
2009,4321,1940,0.44897014579958344,012,Vehicles,0,0
2010,4621,1986,0.4297771045228306,012,Vehicles,0,0
2011,4859,2057,0.42333813541881044,012,Vehicles,0,0
2012,4919,2084,0.423663346208579,012,Vehicles,0,0
2013,5056,2117,0.41871044303797467,012,Vehicles,0,0
2014,5569,2423,0.43508708924402945,012,Vehicles,0,0
2015,6509,3014,0.4630511599324013,012,Vehicles,0,0
2016,7290,3388,0.46474622770919066,012,Vehicles,0,0
2017,7964,3795,0.47651933701657456,012,Vehicles,0,0
2018,8251,3895,0.4720639922433644,012,Vehicles,1,1
2019,8621,4415,0.5121215636237095,012,Vehicles,1,1
2020,11351,6394,0.5632983878072416,012,Vehicles,1,1
2021,13205,7315,0.5539568345323741,012,Vehicles,4,1
2022,11332,5935,0.5237380868337451,012,Vehicles,1,1
2023,11762,6400,0.5441251487842204,012,Vehicles,0,0
2024,13660,7729,0.5658125915080527,012,Vehicles,0,0
2025,13532,7191,0.5314070351758794,012,Vehicles,0,0
2005,616,259,0.42045454545454547,013,Firearms & Pyrotechnics,0,0
2006,765,320,0.41830065359477125,013,Firearms & Pyrotechnics,0,0
2007,736,293,0.39809782608695654,013,Firearms & Pyrotechnics,0,0
2008,843,351,0.41637010676156583,013,Firearms & Pyrotechnics,0,0
2009,827,344,0.4159613059250302,013,Firearms & Pyrotechnics,0,0
2010,798,356,0.44611528822055135,013,Firearms & Pyrotechnics,0,0
2011,883,436,0.49377123442808607,013,Firearms & Pyrotechnics,0,0
2012,929,392,0.4219590958019376,013,Firearms & Pyrotechnics,0,0
2013,1025,497,0.4848780487804878,013,Firearms & Pyrotechnics,0,0
2014,1250,523,0.4184,013,Firearms & Pyrotechnics,0,0
2015,1402,635,0.4529243937232525,013,Firearms & Pyrotechnics,0,0
2016,1544,692,0.4481865284974093,013,Firearms & Pyrotechnics,0,0
2017,1716,755,0.43997668997669,013,Firearms & Pyrotechnics,0,0
2018,1614,687,0.4256505576208178,013,Firearms & Pyrotechnics,0,0
2019,1576,794,0.5038071065989848,013,Firearms & Pyrotechnics,0,0
2020,1618,713,0.44066749072929545,013,Firearms & Pyrotechnics,0,0
2021,1863,892,0.4787976382179281,013,Firearms & Pyrotechnics,1,1
2022,1718,699,0.40686845168800934,013,Firearms & Pyrotechnics,0,0
2023,1740,684,0.3931034482758621,013,Firearms & Pyrotechnics,0,0
2024,1678,635,0.37842669845053634,013,Firearms & Pyrotechnics,0,0
2025,1748,733,0.4193363844393593,013,Firearms & Pyrotechnics,0,0
2005,5047,2676,0.5302159698830988,014,Jewelry & Watches,0,0
2006,5029,2566,0.5102406044939352,014,Jewelry & Watches,0,0
2007,5482,2834,0.5169646114556731,014,Jewelry & Watches,0,0
2008,5096,2614,0.5129513343799058,014,Jewelry & Watches,0,0
2009,4580,2300,0.5021834061135371,014,Jewelry & Watches,0,0
2010,5417,2825,0.5215063688388407,014,Jewelry & Watches,0,0
2011,5849,2944,0.5033339032313215,014,Jewelry & Watches,0,0
2012,5870,2929,0.4989778534923339,014,Jewelry & Watches,0,0
2013,6208,3159,0.5088595360824743,014,Jewelry & Watches,0,0
2014,6328,3182,0.5028445006321113,014,Jewelry & Watches,1,1
2015,7363,3843,0.5219339942958033,014,Jewelry & Watches,0,0
2016,8186,4893,0.5977278279990227,014,Jewelry & Watches,0,0
2017,8955,5385,0.6013400335008375,014,Jewelry & Watches,0,0
2018,8824,5262,0.5963281958295558,014,Jewelry & Watches,0,0
2019,10104,6202,0.6138163103721298,014,Jewelry & Watches,0,0
2020,12373,7791,0.6296775236401843,014,Jewelry & Watches,0,0
2021,13451,8560,0.6363839119768047,014,Jewelry & Watches,2,1
2022,11120,6801,0.6116007194244605,014,Jewelry & Watches,0,0
2023,11027,6965,0.6316314500770835,014,Jewelry & Watches,0,0
2024,12220,7502,0.613911620294599,014,Jewelry & Watches,0,0
2025,11588,6985,0.6027787366240939,014,Jewelry & Watches,0,0
2005,728,394,0.5412087912087912,015,Musical Instruments,0,0
2006,771,415,0.5382619974059663,015,Musical Instruments,0,0
2007,723,378,0.5228215767634855,015,Musical Instruments,0,0
2008,727,353,0.4855570839064649,015,Musical Instruments,0,0
2009,593,315,0.5311973018549747,015,Musical Instruments,0,0
2010,715,371,0.5188811188811189,015,Musical Instruments,0,0
2011,754,443,0.5875331564986738,015,Musical Instruments,0,0
2012,750,385,0.5133333333333333,015,Musical Instruments,0,0
2013,748,387,0.517379679144385,015,Musical Instruments,0,0
2014,778,394,0.506426735218509,015,Musical Instruments,0,0
2015,809,452,0.5587144622991347,015,Musical Instruments,0,0
2016,935,536,0.5732620320855615,015,Musical Instruments,0,0
2017,1065,658,0.6178403755868545,015,Musical Instruments,0,0
2018,1016,599,0.5895669291338582,015,Musical Instruments,0,0
2019,1361,878,0.6451138868479059,015,Musical Instruments,0,0
2020,1700,1014,0.5964705882352941,015,Musical Instruments,0,0
2021,1670,1029,0.6161676646706586,015,Musical Instruments,0,0
2022,1123,652,0.5805877114870882,015,Musical Instruments,0,0
2023,1218,740,0.6075533661740559,015,Musical Instruments,0,0
2024,1261,691,0.5479777954004759,015,Musical Instruments,0,0
2025,1101,625,0.5676657584014533,015,Musical Instruments,0,0
2005,18825,8712,0.46278884462151393,016,"Paper, Print & Office",0,0
2006,18480,8678,0.4695887445887446,016,"Paper, Print & Office",0,0
2007,19757,9420,0.47679303537986534,016,"Paper, Print & Office",0,0
2008,18191,8683,0.4773239514045407,016,"Paper, Print & Office",0,0
2009,15247,7351,0.48212763166524564,016,"Paper, Print & Office",0,0
2010,15230,7377,0.48437294812869336,016,"Paper, Print & Office",0,0
2011,15497,7371,0.4756404465380396,016,"Paper, Print & Office",0,0
2012,15014,7026,0.46796323431463965,016,"Paper, Print & Office",1,1
2013,14529,6923,0.476495285291486,016,"Paper, Print & Office",3,1
2014,14311,6642,0.4641185102368807,016,"Paper, Print & Office",1,1
2015,15331,7435,0.48496510338529775,016,"Paper, Print & Office",0,0
2016,15555,7649,0.4917389906782385,016,"Paper, Print & Office",1,1
2017,16995,8742,0.5143865842894969,016,"Paper, Print & Office",0,0
2018,18260,9534,0.5221248630887185,016,"Paper, Print & Office",1,1
2019,18860,10060,0.5334040296924708,016,"Paper, Print & Office",1,1
2020,24822,14615,0.5887922004673274,016,"Paper, Print & Office",0,0
2021,25846,15350,0.5939023446568135,016,"Paper, Print & Office",1,1
2022,21898,12618,0.5762170061192803,016,"Paper, Print & Office",0,0
2023,22544,13283,0.5892033356990773,016,"Paper, Print & Office",0,0
2024,24412,14556,0.5962641323939046,016,"Paper, Print & Office",0,0
2025,25774,15750,0.6110809342748507,016,"Paper, Print & Office",0,0
2005,1891,753,0.39820200951877316,017,Rubber & Insulators,0,0
2006,1874,748,0.3991462113127001,017,Rubber & Insulators,0,0
2007,2233,842,0.37707120465741156,017,Rubber & Insulators,0,0
2008,2209,826,0.3739248528746039,017,Rubber & Insulators,0,0
2009,1930,750,0.38860103626943004,017,Rubber & Insulators,0,0
2010,2001,775,0.3873063468265867,017,Rubber & Insulators,0,0
2011,2035,745,0.36609336609336607,017,Rubber & Insulators,0,0
2012,1987,725,0.3648716658278812,017,Rubber & Insulators,0,0
2013,2111,768,0.3638086215063951,017,Rubber & Insulators,0,0
2014,2090,781,0.3736842105263158,017,Rubber & Insulators,0,0
2015,2167,798,0.3682510383017997,017,Rubber & Insulators,0,0
2016,2449,978,0.3993466721110657,017,Rubber & Insulators,0,0
2017,2765,1097,0.39674502712477394,017,Rubber & Insulators,0,0
2018,2564,1068,0.4165366614664587,017,Rubber & Insulators,0,0
2019,2986,1353,0.4531145344943068,017,Rubber & Insulators,0,0
2020,3187,1381,0.4333228741763414,017,Rubber & Insulators,0,0
2021,3343,1581,0.47292850732874664,017,Rubber & Insulators,0,0
2022,2945,1277,0.433616298811545,017,Rubber & Insulators,0,0
2023,3131,1373,0.4385180453529224,017,Rubber & Insulators,0,0
2024,3432,1566,0.4562937062937063,017,Rubber & Insulators,0,0
2025,3137,1390,0.4430985017532674,017,Rubber & Insulators,0,0
2005,4787,2350,0.490912889074577,018,Leather & Luggage,0,0
2006,5314,2588,0.48701543093714716,018,Leather & Luggage,0,0
2007,5969,2996,0.5019266208745183,018,Leather & Luggage,0,0
2008,5824,2885,0.495364010989011,018,Leather & Luggage,0,0
2009,4855,2355,0.4850669412976313,018,Leather & Luggage,0,0
2010,5371,2583,0.48091603053435117,018,Leather & Luggage,0,0
2011,5803,2789,0.4806134757883853,018,Leather & Luggage,0,0
2012,6030,3018,0.5004975124378109,018,Leather & Luggage,0,0
2013,6332,3078,0.4861023373341756,018,Leather & Luggage,0,0
2014,6552,3268,0.4987789987789988,018,Leather & Luggage,0,0
2015,7710,4006,0.5195849546044099,018,Leather & Luggage,0,0
2016,9041,5074,0.5612211038601924,018,Leather & Luggage,0,0
2017,11091,6370,0.5743395545938148,018,Leather & Luggage,0,0
2018,11657,6703,0.5750193017071288,018,Leather & Luggage,0,0
2019,12623,7355,0.5826665610393725,018,Leather & Luggage,0,0
2020,14693,8802,0.599060777240863,018,Leather & Luggage,0,0
2021,16067,9643,0.6001742702433559,018,Leather & Luggage,1,1
2022,13148,7416,0.5640401581989656,018,Leather & Luggage,0,0
2023,13950,8304,0.595268817204301,018,Leather & Luggage,0,0
2024,14927,8541,0.5721846318751256,018,Leather & Luggage,0,0
2025,13355,7452,0.5579932609509547,018,Leather & Luggage,0,0
2005,3312,1489,0.44957729468599034,019,Building Materials,0,0
2006,3467,1621,0.4675511970002884,019,Building Materials,0,0
2007,3535,1633,0.4619519094766619,019,Building Materials,0,0
2008,3448,1452,0.4211136890951276,019,Building Materials,0,0
2009,2904,1282,0.4414600550964187,019,Building Materials,0,0
2010,2800,1269,0.45321428571428574,019,Building Materials,0,0
2011,3014,1314,0.4359654943596549,019,Building Materials,0,0
2012,2682,1161,0.43288590604026844,019,Building Materials,1,1
2013,2835,1098,0.3873015873015873,019,Building Materials,1,1
2014,2919,1188,0.40698869475847893,019,Building Materials,0,0
2015,3327,1374,0.41298467087466184,019,Building Materials,0,0
2016,3501,1450,0.4141673807483576,019,Building Materials,0,0
2017,3822,1676,0.43851386708529566,019,Building Materials,0,0
2018,3688,1562,0.4235357917570499,019,Building Materials,1,1
2019,4029,1796,0.4457681806899975,019,Building Materials,0,0
2020,3828,1621,0.4234587251828631,019,Building Materials,0,0
2021,4236,1862,0.4395656279508971,019,Building Materials,1,1
2022,3728,1604,0.4302575107296137,019,Building Materials,1,1
2023,4066,1869,0.45966551893753077,019,Building Materials,0,0
2024,4418,1940,0.43911272068809415,019,Building Materials,0,0
2025,3891,1693,0.435106656386533,019,Building Materials,0,0
2005,5542,2513,0.45344640923854207,020,Furniture,0,0
2006,5813,2613,0.4495097195940134,020,Furniture,0,0
2007,6415,2870,0.4473889321901793,020,Furniture,0,0
2008,5670,2489,0.43897707231040567,020,Furniture,0,0
2009,5197,2270,0.43679045603232636,020,Furniture,0,0
2010,5661,2331,0.4117647058823529,020,Furniture,0,0
2011,5753,2333,0.40552755084303843,020,Furniture,0,0
2012,5861,2441,0.41648182903941305,020,Furniture,1,1
2013,6090,2512,0.4124794745484401,020,Furniture,0,0
2014,6333,2657,0.41954839728406756,020,Furniture,1,1
2015,7105,2991,0.4209711470795215,020,Furniture,0,0
2016,8343,3875,0.4644612249790243,020,Furniture,1,1
2017,10778,5261,0.48812395620708854,020,Furniture,0,0
2018,11285,5564,0.4930438635356668,020,Furniture,0,0
2019,12106,6395,0.5282504543201718,020,Furniture,0,0
2020,20963,12712,0.6064017554739303,020,Furniture,1,1
2021,22839,14344,0.6280485135075966,020,Furniture,1,1
2022,17614,10930,0.6205291245600091,020,Furniture,1,1
2023,20427,13429,0.6574142066872277,020,Furniture,0,0
2024,23344,14821,0.6348954763536669,020,Furniture,0,0
2025,21515,13043,0.6062282128747386,020,Furniture,0,0
2005,4918,2093,0.4255795038633591,021,Household Utensils,0,0
2006,5018,2164,0.43124750896771624,021,Household Utensils,0,0
2007,5626,2343,0.4164592961251333,021,Household Utensils,0,0
2008,5479,2287,0.41741193648476,021,Household Utensils,0,0
2009,5376,2188,0.4069940476190476,021,Household Utensils,0,0
2010,5702,2432,0.42651701157488603,021,Household Utensils,0,0
2011,5966,2490,0.4173650687227623,021,Household Utensils,0,0
2012,6139,2514,0.40951294999185534,021,Household Utensils,0,0
2013,6811,2836,0.4163852591396271,021,Household Utensils,1,1
2014,7515,3155,0.4198270126413839,021,Household Utensils,1,1
2015,8692,3952,0.45467096180395766,021,Household Utensils,0,0
2016,11048,5666,0.5128530050687907,021,Household Utensils,0,0
2017,14394,8020,0.5571766013616785,021,Household Utensils,0,0
2018,16023,9177,0.5727391874180865,021,Household Utensils,0,0
2019,18947,11228,0.5926004116746715,021,Household Utensils,1,1
2020,34784,23019,0.6617697792088316,021,Household Utensils,0,0
2021,38584,25849,0.6699409081484553,021,Household Utensils,2,1
2022,27616,18144,0.657010428736964,021,Household Utensils,0,0
2023,29576,20249,0.6846429537462808,021,Household Utensils,0,0
2024,32621,21703,0.6653076239232396,021,Household Utensils,0,0
2025,29334,18411,0.6276334628758438,021,Household Utensils,0,0
2005,778,346,0.44473007712082263,022,"Ropes, Tents & Textiles (raw)",0,0
2006,757,374,0.4940554821664465,022,"Ropes, Tents & Textiles (raw)",0,0
2007,825,395,0.47878787878787876,022,"Ropes, Tents & Textiles (raw)",0,0
2008,856,371,0.433411214953271,022,"Ropes, Tents & Textiles (raw)",0,0
2009,722,354,0.4903047091412742,022,"Ropes, Tents & Textiles (raw)",0,0
2010,812,403,0.4963054187192118,022,"Ropes, Tents & Textiles (raw)",0,0
2011,942,419,0.4447983014861996,022,"Ropes, Tents & Textiles (raw)",0,0
2012,918,361,0.39324618736383443,022,"Ropes, Tents & Textiles (raw)",1,1
2013,959,397,0.41397288842544316,022,"Ropes, Tents & Textiles (raw)",0,0
2014,935,413,0.44171122994652406,022,"Ropes, Tents & Textiles (raw)",0,0
2015,1101,512,0.46503178928247046,022,"Ropes, Tents & Textiles (raw)",0,0
2016,1445,686,0.47474048442906575,022,"Ropes, Tents & Textiles (raw)",0,0
2017,1872,1042,0.5566239316239316,022,"Ropes, Tents & Textiles (raw)",0,0
2018,1817,987,0.5432030820033021,022,"Ropes, Tents & Textiles (raw)",0,0
2019,2292,1343,0.5859511343804538,022,"Ropes, Tents & Textiles (raw)",0,0
2020,3063,1783,0.5821090434214822,022,"Ropes, Tents & Textiles (raw)",0,0
2021,3340,1948,0.5832335329341317,022,"Ropes, Tents & Textiles (raw)",0,0
2022,2393,1314,0.5491015461763477,022,"Ropes, Tents & Textiles (raw)",0,0
2023,2484,1412,0.5684380032206119,022,"Ropes, Tents & Textiles (raw)",0,0
2024,2518,1335,0.5301826846703733,022,"Ropes, Tents & Textiles (raw)",0,0
2025,2348,1226,0.5221465076660988,022,"Ropes, Tents & Textiles (raw)",0,0
2005,360,156,0.43333333333333335,023,Yarns & Threads,0,0
2006,334,174,0.5209580838323353,023,Yarns & Threads,0,0
2007,319,175,0.54858934169279,023,Yarns & Threads,0,0
2008,325,157,0.48307692307692307,023,Yarns & Threads,0,0
2009,238,127,0.5336134453781513,023,Yarns & Threads,0,0
2010,245,142,0.5795918367346938,023,Yarns & Threads,0,0
2011,327,149,0.45565749235474007,023,Yarns & Threads,0,0
2012,267,106,0.3970037453183521,023,Yarns & Threads,0,0
2013,281,112,0.398576512455516,023,Yarns & Threads,0,0
2014,289,126,0.4359861591695502,023,Yarns & Threads,0,0
2015,361,172,0.47645429362880887,023,Yarns & Threads,0,0
2016,374,202,0.5401069518716578,023,Yarns & Threads,0,0
2017,511,270,0.5283757338551859,023,Yarns & Threads,0,0
2018,447,211,0.4720357941834452,023,Yarns & Threads,0,0
2019,641,425,0.6630265210608425,023,Yarns & Threads,0,0
2020,522,310,0.5938697318007663,023,Yarns & Threads,0,0
2021,688,439,0.6380813953488372,023,Yarns & Threads,0,0
2022,429,239,0.5571095571095571,023,Yarns & Threads,0,0
2023,607,308,0.5074135090609555,023,Yarns & Threads,0,0
2024,597,291,0.48743718592964824,023,Yarns & Threads,0,0
2025,464,258,0.5560344827586207,023,Yarns & Threads,0,0
2005,2896,1298,0.44820441988950277,024,Textiles & Bedding,0,0
2006,3162,1467,0.4639468690702087,024,Textiles & Bedding,0,0
2007,3415,1545,0.45241581259150804,024,Textiles & Bedding,0,0
2008,2993,1286,0.4296692281991313,024,Textiles & Bedding,0,0
2009,2672,1113,0.41654191616766467,024,Textiles & Bedding,0,0
2010,2774,1179,0.42501802451333814,024,Textiles & Bedding,0,0
2011,3095,1296,0.4187399030694669,024,Textiles & Bedding,0,0
2012,3144,1247,0.39662849872773537,024,Textiles & Bedding,0,0
2013,3338,1341,0.4017375674056321,024,Textiles & Bedding,0,0
2014,3604,1460,0.4051054384017758,024,Textiles & Bedding,1,1
2015,4121,1807,0.4384858044164038,024,Textiles & Bedding,0,0
2016,4957,2297,0.4633851119628808,024,Textiles & Bedding,0,0
2017,6508,3440,0.5285802089735709,024,Textiles & Bedding,0,0
2018,6849,3691,0.5389107898963352,024,Textiles & Bedding,0,0
2019,8114,4562,0.5622381069755977,024,Textiles & Bedding,0,0
2020,12846,7516,0.5850848513155846,024,Textiles & Bedding,1,1
2021,14297,8471,0.5925019234804505,024,Textiles & Bedding,1,1
2022,9895,5500,0.5558362809499747,024,Textiles & Bedding,0,0
2023,9355,5559,0.5942276857295564,024,Textiles & Bedding,0,0
2024,10134,5805,0.5728241563055062,024,Textiles & Bedding,0,0
2025,8753,4749,0.5425568376556609,024,Textiles & Bedding,0,0
2005,24344,14438,0.5930824843904042,025,"Clothing, Footwear & Headwear",0,0
2006,25447,15020,0.5902463944669313,025,"Clothing, Footwear & Headwear",0,0
2007,27767,16499,0.5941945474844239,025,"Clothing, Footwear & Headwear",0,0
2008,27262,15973,0.5859071234685643,025,"Clothing, Footwear & Headwear",0,0
2009,24924,14703,0.589913336543091,025,"Clothing, Footwear & Headwear",0,0
2010,27448,15999,0.5828839988341591,025,"Clothing, Footwear & Headwear",0,0
2011,29239,17490,0.5981736721502103,025,"Clothing, Footwear & Headwear",0,0
2012,31462,18958,0.6025681774839489,025,"Clothing, Footwear & Headwear",1,1
2013,33534,20387,0.6079501401562594,025,"Clothing, Footwear & Headwear",1,1
2014,35003,21164,0.6046338885238408,025,"Clothing, Footwear & Headwear",1,1
2015,39374,24377,0.6191141362320313,025,"Clothing, Footwear & Headwear",0,0
2016,44534,28686,0.6441370638164099,025,"Clothing, Footwear & Headwear",0,0
2017,52449,34399,0.6558561650365117,025,"Clothing, Footwear & Headwear",1,1
2018,53743,34723,0.6460934447276855,025,"Clothing, Footwear & Headwear",1,1
2019,59316,38278,0.6453233528896082,025,"Clothing, Footwear & Headwear",1,1
2020,84294,57580,0.683085391605571,025,"Clothing, Footwear & Headwear",0,0
2021,83147,54879,0.660023813246419,025,"Clothing, Footwear & Headwear",5,1
2022,60737,38659,0.6364983453249256,025,"Clothing, Footwear & Headwear",1,1
2023,59641,38013,0.6373635586257775,025,"Clothing, Footwear & Headwear",0,0
2024,62213,39136,0.629064664941411,025,"Clothing, Footwear & Headwear",0,0
2025,64581,41089,0.6362397609203946,025,"Clothing, Footwear & Headwear",0,0
2005,1022,499,0.4882583170254403,026,"Trim, Lace & Notions",0,0
2006,1114,555,0.4982046678635548,026,"Trim, Lace & Notions",0,0
2007,1265,653,0.516205533596838,026,"Trim, Lace & Notions",0,0
2008,1204,618,0.5132890365448505,026,"Trim, Lace & Notions",0,0
2009,1112,534,0.4802158273381295,026,"Trim, Lace & Notions",0,0
2010,1262,656,0.5198098256735341,026,"Trim, Lace & Notions",0,0
2011,1392,704,0.5057471264367817,026,"Trim, Lace & Notions",0,0
2012,1388,675,0.48631123919308356,026,"Trim, Lace & Notions",0,0
2013,1471,780,0.53025152957172,026,"Trim, Lace & Notions",0,0
2014,1462,780,0.533515731874145,026,"Trim, Lace & Notions",0,0
2015,1915,1103,0.5759791122715404,026,"Trim, Lace & Notions",0,0
2016,2416,1564,0.6473509933774835,026,"Trim, Lace & Notions",0,0
2017,3693,2345,0.6349851069591118,026,"Trim, Lace & Notions",0,0
2018,3039,1893,0.6229022704837117,026,"Trim, Lace & Notions",0,0
2019,3983,2619,0.6575445643986945,026,"Trim, Lace & Notions",0,0
2020,6211,4405,0.7092255675414587,026,"Trim, Lace & Notions",0,0
2021,7473,5150,0.689147598019537,026,"Trim, Lace & Notions",1,1
2022,5229,3442,0.6582520558424173,026,"Trim, Lace & Notions",0,0
2023,5252,3387,0.6448971820258949,026,"Trim, Lace & Notions",0,0
2024,6781,4088,0.6028609349653443,026,"Trim, Lace & Notions",0,0
2025,5996,3332,0.5557038025350234,026,"Trim, Lace & Notions",0,0
2005,920,377,0.4097826086956522,027,Carpets & Wall Hangings,0,0
2006,958,378,0.3945720250521921,027,Carpets & Wall Hangings,0,0
2007,1005,338,0.336318407960199,027,Carpets & Wall Hangings,0,0
2008,1054,358,0.3396584440227704,027,Carpets & Wall Hangings,0,0
2009,828,313,0.3780193236714976,027,Carpets & Wall Hangings,0,0
2010,870,310,0.3563218390804598,027,Carpets & Wall Hangings,0,0
2011,952,347,0.3644957983193277,027,Carpets & Wall Hangings,0,0
2012,900,323,0.35888888888888887,027,Carpets & Wall Hangings,0,0
2013,1047,379,0.36198662846227314,027,Carpets & Wall Hangings,0,0
2014,1002,327,0.3263473053892216,027,Carpets & Wall Hangings,1,1
2015,1235,508,0.41133603238866395,027,Carpets & Wall Hangings,0,0
2016,1455,565,0.38831615120274915,027,Carpets & Wall Hangings,0,0
2017,2087,919,0.4403449928126497,027,Carpets & Wall Hangings,0,0
2018,2130,948,0.4450704225352113,027,Carpets & Wall Hangings,0,0
2019,2503,1334,0.5329604474630444,027,Carpets & Wall Hangings,0,0
2020,3707,2048,0.552468303210143,027,Carpets & Wall Hangings,0,0
2021,4449,2426,0.5452910766464374,027,Carpets & Wall Hangings,0,0
2022,2972,1562,0.5255720053835801,027,Carpets & Wall Hangings,0,0
2023,3097,1753,0.5660316435259929,027,Carpets & Wall Hangings,0,0
2024,3428,1796,0.5239206534422404,027,Carpets & Wall Hangings,0,0
2025,2835,1406,0.49594356261022926,027,Carpets & Wall Hangings,0,0
2005,11309,4365,0.38597577150941725,028,"Toys, Games & Sporting Goods",0,0
2006,10541,4296,0.40755146570534106,028,"Toys, Games & Sporting Goods",0,0
2007,11372,4687,0.41215265564544495,028,"Toys, Games & Sporting Goods",0,0
2008,10456,4257,0.4071346595256312,028,"Toys, Games & Sporting Goods",0,0
2009,9458,3888,0.4110805667160076,028,"Toys, Games & Sporting Goods",0,0
2010,9941,4082,0.4106226737752741,028,"Toys, Games & Sporting Goods",0,0
2011,10472,4248,0.40565317035905274,028,"Toys, Games & Sporting Goods",0,0
2012,11671,4442,0.3806014908748179,028,"Toys, Games & Sporting Goods",1,1
2013,11725,4408,0.3759488272921109,028,"Toys, Games & Sporting Goods",0,0
2014,11968,4508,0.3766711229946524,028,"Toys, Games & Sporting Goods",1,1
2015,13103,5670,0.4327253300770816,028,"Toys, Games & Sporting Goods",0,0
2016,14669,6475,0.4414070488785875,028,"Toys, Games & Sporting Goods",0,0
2017,18300,8739,0.4775409836065574,028,"Toys, Games & Sporting Goods",0,0
2018,18395,9047,0.49181842892090244,028,"Toys, Games & Sporting Goods",0,0
2019,20146,10243,0.5084383996823191,028,"Toys, Games & Sporting Goods",2,1
2020,35431,21400,0.6039908554655528,028,"Toys, Games & Sporting Goods",0,0
2021,36601,21986,0.6006939701101063,028,"Toys, Games & Sporting Goods",2,1
2022,27293,15097,0.5531454951819148,028,"Toys, Games & Sporting Goods",2,1
2023,28046,16178,0.5768380517720887,028,"Toys, Games & Sporting Goods",0,0
2024,30875,17423,0.5643076923076923,028,"Toys, Games & Sporting Goods",0,0
2025,30669,16846,0.5492842935863576,028,"Toys, Games & Sporting Goods",0,0
2005,5446,2149,0.39460154241645246,029,"Meat, Dairy & Prepared Foods",0,0
2006,5934,2339,0.3941691944725312,029,"Meat, Dairy & Prepared Foods",0,0
2007,6225,2483,0.3988755020080321,029,"Meat, Dairy & Prepared Foods",0,0
2008,5681,2234,0.3932406266502376,029,"Meat, Dairy & Prepared Foods",0,0
2009,5542,2228,0.40202093107181525,029,"Meat, Dairy & Prepared Foods",0,0
2010,5847,2490,0.4258594150846588,029,"Meat, Dairy & Prepared Foods",0,0
2011,6331,2675,0.4225240878218291,029,"Meat, Dairy & Prepared Foods",0,0
2012,6493,2737,0.42153087940859385,029,"Meat, Dairy & Prepared Foods",1,1
2013,6947,2937,0.42277241974953217,029,"Meat, Dairy & Prepared Foods",1,1
2014,7237,3028,0.41840541660909214,029,"Meat, Dairy & Prepared Foods",0,0
2015,8018,3502,0.4367672736343228,029,"Meat, Dairy & Prepared Foods",1,1
2016,8503,3611,0.4246736445960249,029,"Meat, Dairy & Prepared Foods",0,0
2017,8943,3807,0.42569607514256963,029,"Meat, Dairy & Prepared Foods",1,1
2018,9075,3880,0.4275482093663912,029,"Meat, Dairy & Prepared Foods",0,0
2019,9644,4232,0.43882206553297387,029,"Meat, Dairy & Prepared Foods",4,1
2020,9649,4342,0.44999481811586695,029,"Meat, Dairy & Prepared Foods",0,0
2021,9568,4491,0.46937709030100333,029,"Meat, Dairy & Prepared Foods",2,1
2022,7901,3484,0.4409568409062144,029,"Meat, Dairy & Prepared Foods",1,1
2023,8063,3657,0.4535532680143867,029,"Meat, Dairy & Prepared Foods",0,0
2024,8554,3860,0.4512508767827917,029,"Meat, Dairy & Prepared Foods",0,0
2025,9225,4344,0.4708943089430894,029,"Meat, Dairy & Prepared Foods",0,0
2005,9030,3855,0.4269102990033223,030,"Coffee, Tea, Bakery & Spices",0,0
2006,9493,4145,0.4366375223849152,030,"Coffee, Tea, Bakery & Spices",0,0
2007,9751,4331,0.44415957337708956,030,"Coffee, Tea, Bakery & Spices",0,0
2008,9300,4092,0.44,030,"Coffee, Tea, Bakery & Spices",0,0
2009,9210,4003,0.43463626492942453,030,"Coffee, Tea, Bakery & Spices",0,0
2010,10108,4784,0.47328848436881676,030,"Coffee, Tea, Bakery & Spices",0,0
2011,10797,5064,0.46901917199222004,030,"Coffee, Tea, Bakery & Spices",0,0
2012,11066,5092,0.46014820169889753,030,"Coffee, Tea, Bakery & Spices",2,1
2013,12334,5817,0.4716231555051078,030,"Coffee, Tea, Bakery & Spices",1,1
2014,13006,6202,0.47685683530678147,030,"Coffee, Tea, Bakery & Spices",0,0
2015,13267,6600,0.4974749378156328,030,"Coffee, Tea, Bakery & Spices",1,1
2016,14045,6826,0.48600925596297617,030,"Coffee, Tea, Bakery & Spices",0,0
2017,14852,7372,0.4963641260436305,030,"Coffee, Tea, Bakery & Spices",0,0
2018,15854,7797,0.49180017661158065,030,"Coffee, Tea, Bakery & Spices",1,1
2019,16519,8277,0.5010593861613899,030,"Coffee, Tea, Bakery & Spices",2,1
2020,17608,9366,0.5319173103134939,030,"Coffee, Tea, Bakery & Spices",0,0
2021,18110,9844,0.5435670900055218,030,"Coffee, Tea, Bakery & Spices",3,1
2022,15498,8093,0.5221964124403149,030,"Coffee, Tea, Bakery & Spices",0,0
2023,16502,8771,0.5315113319597624,030,"Coffee, Tea, Bakery & Spices",0,0
2024,18236,9604,0.5266505812678219,030,"Coffee, Tea, Bakery & Spices",0,0
2025,19048,10624,0.5577488450230995,030,"Coffee, Tea, Bakery & Spices",0,0
2005,2797,1154,0.4125849124061495,031,Agriculture & Live Animals,0,0
2006,3090,1248,0.40388349514563104,031,Agriculture & Live Animals,0,0
2007,3081,1305,0.42356377799415773,031,Agriculture & Live Animals,0,0
2008,3024,1210,0.4001322751322751,031,Agriculture & Live Animals,0,0
2009,2822,1167,0.4135364989369242,031,Agriculture & Live Animals,0,0
2010,3153,1302,0.41294005708848713,031,Agriculture & Live Animals,0,0
2011,3266,1282,0.3925290875688916,031,Agriculture & Live Animals,0,0
2012,3112,1272,0.4087403598971722,031,Agriculture & Live Animals,1,1
2013,3493,1434,0.41053535642714,031,Agriculture & Live Animals,1,1
2014,3557,1427,0.40118077031206073,031,Agriculture & Live Animals,0,0
2015,3877,1615,0.41655919525406243,031,Agriculture & Live Animals,0,0
2016,4405,1850,0.4199772985244041,031,Agriculture & Live Animals,0,0
2017,4703,2116,0.44992557941739314,031,Agriculture & Live Animals,0,0
2018,5084,2287,0.4498426435877262,031,Agriculture & Live Animals,0,0
2019,5509,2516,0.4567072063895444,031,Agriculture & Live Animals,1,1
2020,5548,2559,0.46124729632299927,031,Agriculture & Live Animals,0,0
2021,5974,2889,0.48359558085035154,031,Agriculture & Live Animals,1,1
2022,4989,2290,0.45900982160753656,031,Agriculture & Live Animals,0,0
2023,4988,2357,0.4725340817963111,031,Agriculture & Live Animals,0,0
2024,5508,2653,0.4816630355846042,031,Agriculture & Live Animals,0,0
2025,5332,2597,0.48705926481620404,031,Agriculture & Live Animals,0,0
2005,4141,1634,0.39459067858005314,032,Beer & Soft Drinks,0,0
2006,4415,1743,0.39479048697621744,032,Beer & Soft Drinks,0,0
2007,5172,2178,0.4211136890951276,032,Beer & Soft Drinks,0,0
2008,5060,1897,0.374901185770751,032,Beer & Soft Drinks,0,0
2009,4468,1840,0.41181736794986573,032,Beer & Soft Drinks,0,0
2010,5019,2066,0.41163578402072126,032,Beer & Soft Drinks,0,0
2011,5581,2356,0.422146568715284,032,Beer & Soft Drinks,0,0
2012,6160,2684,0.4357142857142857,032,Beer & Soft Drinks,0,0
2013,7600,3219,0.42355263157894735,032,Beer & Soft Drinks,0,0
2014,8079,3363,0.4162643891570739,032,Beer & Soft Drinks,0,0
2015,9375,3875,0.41333333333333333,032,Beer & Soft Drinks,0,0
2016,9721,4003,0.4117889106059047,032,Beer & Soft Drinks,1,1
2017,9531,3989,0.41852901059699926,032,Beer & Soft Drinks,0,0
2018,9461,3778,0.39932353873797694,032,Beer & Soft Drinks,0,0
2019,9632,3916,0.4065614617940199,032,Beer & Soft Drinks,1,1
2020,8750,3578,0.40891428571428573,032,Beer & Soft Drinks,0,0
2021,8756,3736,0.42667884878940154,032,Beer & Soft Drinks,2,1
2022,7405,2997,0.40472653612424037,032,Beer & Soft Drinks,0,0
2023,7631,3226,0.4227493120167737,032,Beer & Soft Drinks,0,0
2024,8057,3379,0.4193868685614993,032,Beer & Soft Drinks,0,0
2025,8913,4048,0.45416806911253227,032,Beer & Soft Drinks,0,0
2005,4917,2375,0.4830181004677649,033,Wine & Spirits,0,0
2006,5425,2503,0.46138248847926266,033,Wine & Spirits,0,0
2007,6185,2862,0.46273241713823765,033,Wine & Spirits,0,0
2008,5909,2683,0.4540531392790658,033,Wine & Spirits,0,0
2009,5429,2416,0.4450174986185301,033,Wine & Spirits,0,0
2010,6146,2662,0.43312723722746505,033,Wine & Spirits,0,0
2011,7093,3045,0.42929648949668686,033,Wine & Spirits,0,0
2012,7779,3073,0.3950379226121609,033,Wine & Spirits,0,0
2013,8440,3539,0.4193127962085308,033,Wine & Spirits,0,0
2014,8771,3483,0.39710409303386157,033,Wine & Spirits,0,0
2015,8863,3643,0.41103463838429427,033,Wine & Spirits,0,0
2016,9570,3834,0.4006269592476489,033,Wine & Spirits,0,0
2017,9854,3931,0.39892429470265883,033,Wine & Spirits,0,0
2018,10496,4098,0.3904344512195122,033,Wine & Spirits,0,0
2019,10987,4281,0.38964230454173115,033,Wine & Spirits,0,0
2020,11136,4273,0.3837104885057471,033,Wine & Spirits,0,0
2021,12020,4843,0.4029118136439268,033,Wine & Spirits,3,1
2022,10209,3964,0.38828484670388874,033,Wine & Spirits,1,1
2023,9358,3667,0.3918572344518059,033,Wine & Spirits,0,0
2024,8899,3432,0.3856613102595797,033,Wine & Spirits,0,0
2025,7972,3240,0.4064224786753638,033,Wine & Spirits,0,0
2005,1122,434,0.3868092691622103,034,Tobacco & Smokers' Articles,0,0
2006,1124,431,0.3834519572953737,034,Tobacco & Smokers' Articles,0,0
2007,1274,432,0.3390894819466248,034,Tobacco & Smokers' Articles,0,0
2008,1392,438,0.3146551724137931,034,Tobacco & Smokers' Articles,0,0
2009,1358,475,0.34977908689248893,034,Tobacco & Smokers' Articles,0,0
2010,1381,553,0.4004344677769732,034,Tobacco & Smokers' Articles,0,0
2011,1758,707,0.4021615472127418,034,Tobacco & Smokers' Articles,0,0
2012,1883,817,0.43388210302708446,034,Tobacco & Smokers' Articles,0,0
2013,2854,1292,0.452697967764541,034,Tobacco & Smokers' Articles,0,0
2014,2982,1428,0.4788732394366197,034,Tobacco & Smokers' Articles,0,0
2015,3804,1861,0.4892218717139853,034,Tobacco & Smokers' Articles,0,0
2016,3174,1503,0.4735349716446125,034,Tobacco & Smokers' Articles,0,0
2017,3501,1541,0.4401599542987718,034,Tobacco & Smokers' Articles,0,0
2018,3799,1732,0.4559094498552251,034,Tobacco & Smokers' Articles,0,0
2019,4906,2561,0.522013860578883,034,Tobacco & Smokers' Articles,1,1
2020,4075,2126,0.5217177914110429,034,Tobacco & Smokers' Articles,0,0
2021,4841,2526,0.5217930179714935,034,Tobacco & Smokers' Articles,3,1
2022,4170,2058,0.4935251798561151,034,Tobacco & Smokers' Articles,0,0
2023,4630,2184,0.4717062634989201,034,Tobacco & Smokers' Articles,0,0
2024,3777,1594,0.42202806460153564,034,Tobacco & Smokers' Articles,0,0
2025,3383,1553,0.4590600059119125,034,Tobacco & Smokers' Articles,0,0
2005,32135,18241,0.567636533374825,035,Advertising & Retail,0,0
2006,36290,20539,0.5659685863874345,035,Advertising & Retail,0,0
2007,42168,24022,0.5696736862075508,035,Advertising & Retail,0,0
2008,41054,23063,0.5617722998976957,035,Advertising & Retail,0,0
2009,37132,20962,0.56452655391576,035,Advertising & Retail,0,0
2010,39269,21607,0.550230461687336,035,Advertising & Retail,0,0
2011,44047,24481,0.5557926760051762,035,Advertising & Retail,0,0
2012,44206,24145,0.5461928245034611,035,Advertising & Retail,7,1
2013,44942,24472,0.5445240532241555,035,Advertising & Retail,7,1
2014,47688,26397,0.5535354806240563,035,Advertising & Retail,10,1
2015,51283,28872,0.5629935846186845,035,Advertising & Retail,2,1
2016,50596,28200,0.5573563127519962,035,Advertising & Retail,1,1
2017,54838,30436,0.5550165943323973,035,Advertising & Retail,9,1
2018,57079,31780,0.5567721929255943,035,Advertising & Retail,2,1
2019,59533,33086,0.5557589908118187,035,Advertising & Retail,3,1
2020,67073,39655,0.5912215049274671,035,Advertising & Retail,7,1
2021,74047,43295,0.5846962064634624,035,Advertising & Retail,20,1
2022,69503,38788,0.5580766297857647,035,Advertising & Retail,3,1
2023,66426,38324,0.5769427633757865,035,Advertising & Retail,0,0
2024,65744,38135,0.5800529325870042,035,Advertising & Retail,0,0
2025,69824,41673,0.5968291704857929,035,Advertising & Retail,0,0
2005,16135,8114,0.5028819336845367,036,Insurance & Financial,0,0
2006,17566,8950,0.5095070021632699,036,Insurance & Financial,0,0
2007,19070,9686,0.5079181961195596,036,Insurance & Financial,0,0
2008,16710,8260,0.4943147815679234,036,Insurance & Financial,0,0
2009,14115,7032,0.49819341126461214,036,Insurance & Financial,0,0
2010,14535,7150,0.49191606467148263,036,Insurance & Financial,0,0
2011,15836,7726,0.4878757261934832,036,Insurance & Financial,0,0
2012,15639,7427,0.4749024873713153,036,Insurance & Financial,8,1
2013,16610,7991,0.4810957254665864,036,Insurance & Financial,6,1
2014,17486,8757,0.5008006405124099,036,Insurance & Financial,7,1
2015,19360,9893,0.5110020661157024,036,Insurance & Financial,3,1
2016,18716,9767,0.5218529600341953,036,Insurance & Financial,2,1
2017,21195,11180,0.5274828969096484,036,Insurance & Financial,4,1
2018,23240,12295,0.5290447504302926,036,Insurance & Financial,4,1
2019,22873,11871,0.5189961963887553,036,Insurance & Financial,3,1
2020,23573,12730,0.5400246044203114,036,Insurance & Financial,2,1
2021,26923,14602,0.5423615496044274,036,Insurance & Financial,11,1
2022,26039,13456,0.5167633165636161,036,Insurance & Financial,6,1
2023,22496,11724,0.5211593172119487,036,Insurance & Financial,0,0
2024,23399,12752,0.5449805547245609,036,Insurance & Financial,0,0
2025,25154,13939,0.5541464578198299,036,Insurance & Financial,0,0
2005,6498,3838,0.5906432748538012,037,Construction & Repair,0,0
2006,7399,4493,0.6072442221921881,037,Construction & Repair,0,0
2007,8265,4889,0.5915305505142165,037,Construction & Repair,0,0
2008,8012,4735,0.5909885172241638,037,Construction & Repair,0,0
2009,6870,4056,0.5903930131004367,037,Construction & Repair,0,0
2010,6792,3930,0.5786219081272085,037,Construction & Repair,0,0
2011,7337,4201,0.5725773476897915,037,Construction & Repair,0,0
2012,7446,4160,0.558689229116304,037,Construction & Repair,3,1
2013,7422,4188,0.5642683912691997,037,Construction & Repair,2,1
2014,8056,4548,0.5645481628599801,037,Construction & Repair,3,1
2015,9098,5180,0.569355902396131,037,Construction & Repair,0,0
2016,9197,5271,0.5731216701098184,037,Construction & Repair,0,0
2017,10130,5882,0.5806515301085884,037,Construction & Repair,2,1
2018,10355,5950,0.5746016417189763,037,Construction & Repair,2,1
2019,10795,6372,0.5902732746641964,037,Construction & Repair,0,0
2020,12002,7163,0.596817197133811,037,Construction & Repair,1,1
2021,13004,7625,0.586358043678868,037,Construction & Repair,3,1
2022,13200,7595,0.5753787878787879,037,Construction & Repair,1,1
2023,13643,8074,0.591805321410247,037,Construction & Repair,0,0
2024,14971,9437,0.6303520138935275,037,Construction & Repair,0,0
2025,15208,9628,0.633087848500789,037,Construction & Repair,0,0
2005,6310,2855,0.45245641838351824,038,Telecommunications,0,0
2006,7375,3366,0.45640677966101695,038,Telecommunications,0,0
2007,8033,3784,0.4710568903273995,038,Telecommunications,0,0
2008,6970,3268,0.46886657101865137,038,Telecommunications,0,0
2009,5935,2703,0.45543386689132265,038,Telecommunications,0,0
2010,6050,2694,0.4452892561983471,038,Telecommunications,0,0
2011,6911,3220,0.4659238894515989,038,Telecommunications,0,0
2012,6707,3133,0.46712390040256446,038,Telecommunications,3,1
2013,6585,3041,0.4618071374335611,038,Telecommunications,0,0
2014,6963,3408,0.48944420508401554,038,Telecommunications,2,1
2015,6963,3384,0.48599741490736753,038,Telecommunications,0,0
2016,6946,3432,0.4940973221998272,038,Telecommunications,0,0
2017,7398,3371,0.4556636928899703,038,Telecommunications,2,1
2018,7129,3273,0.45911067470893535,038,Telecommunications,0,0
2019,6987,3169,0.45355660512380136,038,Telecommunications,0,0
2020,7504,3661,0.4878731343283582,038,Telecommunications,1,1
2021,8565,4067,0.47483946293053125,038,Telecommunications,5,1
2022,7641,3502,0.4583169742180343,038,Telecommunications,0,0
2023,6526,2901,0.4445295740116457,038,Telecommunications,0,0
2024,6064,2848,0.46965699208443273,038,Telecommunications,0,0
2025,5997,2763,0.4607303651825913,038,Telecommunications,0,0
2005,3910,2127,0.5439897698209719,039,Transport & Logistics,0,0
2006,4390,2416,0.5503416856492027,039,Transport & Logistics,0,0
2007,5494,2978,0.5420458682198762,039,Transport & Logistics,0,0
2008,5034,2651,0.5266189908621375,039,Transport & Logistics,0,0
2009,4354,2352,0.5401929260450161,039,Transport & Logistics,0,0
2010,4505,2383,0.5289678135405106,039,Transport & Logistics,0,0
2011,5015,2655,0.5294117647058824,039,Transport & Logistics,0,0
2012,4990,2569,0.5148296593186372,039,Transport & Logistics,2,1
2013,5191,2755,0.5307262569832403,039,Transport & Logistics,2,1
2014,5353,2933,0.5479170558565291,039,Transport & Logistics,2,1
2015,6114,3401,0.5562643114164213,039,Transport & Logistics,1,1
2016,6350,3512,0.5530708661417323,039,Transport & Logistics,1,1
2017,6788,3866,0.5695344725987036,039,Transport & Logistics,1,1
2018,7149,3871,0.541474332074416,039,Transport & Logistics,0,0
2019,7349,4186,0.5696013063001769,039,Transport & Logistics,1,1
2020,7337,4150,0.5656262777702058,039,Transport & Logistics,2,1
2021,8744,5003,0.5721637694419031,039,Transport & Logistics,9,1
2022,8421,4573,0.5430471440446503,039,Transport & Logistics,5,1
2023,7771,4388,0.5646634924720113,039,Transport & Logistics,0,0
2024,7614,4325,0.5680325715786708,039,Transport & Logistics,0,0
2025,7631,4553,0.5966452627440703,039,Transport & Logistics,0,0
2005,3309,1884,0.5693563009972802,040,Materials Treatment,0,0
2006,3893,2269,0.582840996660673,040,Materials Treatment,0,0
2007,4807,2804,0.5833159975036405,040,Materials Treatment,0,0
2008,4805,2852,0.5935483870967742,040,Materials Treatment,0,0
2009,3914,2246,0.5738375063873276,040,Materials Treatment,0,0
2010,3874,2091,0.5397521941146102,040,Materials Treatment,0,0
2011,4165,2215,0.531812725090036,040,Materials Treatment,0,0
2012,4229,2221,0.5251832584535351,040,Materials Treatment,0,0
2013,4156,2209,0.5315206929740135,040,Materials Treatment,1,1
2014,4388,2373,0.5407930720145853,040,Materials Treatment,1,1
2015,4774,2514,0.5266024298282362,040,Materials Treatment,1,1
2016,5084,2642,0.519669551534225,040,Materials Treatment,0,0
2017,5283,2891,0.54722695438198,040,Materials Treatment,1,1
2018,5899,3152,0.5343278521783353,040,Materials Treatment,0,0
2019,6270,3590,0.5725677830940988,040,Materials Treatment,0,0
2020,6877,4026,0.5854296931801658,040,Materials Treatment,0,0
2021,7711,4286,0.5558293347166385,040,Materials Treatment,6,1
2022,7231,3905,0.540035956299267,040,Materials Treatment,2,1
2023,7168,3788,0.5284598214285714,040,Materials Treatment,0,0
2024,7485,4178,0.5581830327321309,040,Materials Treatment,0,0
2025,7052,4035,0.5721781055019852,040,Materials Treatment,0,0
2005,29418,16369,0.5564280372561017,041,Education & Entertainment,0,0
2006,33314,18409,0.552590502491445,041,Education & Entertainment,0,0
2007,37291,20893,0.5602692338633987,041,Education & Entertainment,0,0
2008,35563,19612,0.5514720355425583,041,Education & Entertainment,0,0
2009,32355,18377,0.5679802194405811,041,Education & Entertainment,0,0
2010,34296,19078,0.5562747842313972,041,Education & Entertainment,0,0
2011,38286,21258,0.5552421250587682,041,Education & Entertainment,0,0
2012,39851,22039,0.5530350555820431,041,Education & Entertainment,4,1
2013,40911,22507,0.5501454376573538,041,Education & Entertainment,2,1
2014,43137,23644,0.5481141479472379,041,Education & Entertainment,5,1
2015,47705,26844,0.5627083114977466,041,Education & Entertainment,0,0
2016,49101,28105,0.5723916009857233,041,Education & Entertainment,1,1
2017,53024,30332,0.5720428485214243,041,Education & Entertainment,3,1
2018,56554,32322,0.5715245605969516,041,Education & Entertainment,1,1
2019,59679,33992,0.5695805894870892,041,Education & Entertainment,2,1
2020,68912,42146,0.6115915950777804,041,Education & Entertainment,5,1
2021,72307,42930,0.5937184504958026,041,Education & Entertainment,12,1
2022,69094,38504,0.5572698063507685,041,Education & Entertainment,3,1
2023,65080,37072,0.5696373693915181,041,Education & Entertainment,0,0
2024,65385,37566,0.5745354439091535,041,Education & Entertainment,0,0
2025,77180,48025,0.6222466960352423,041,Education & Entertainment,0,0
2005,15696,8498,0.5414118246687054,042,Scientific & Tech Services,0,0
2006,17686,9740,0.5507180820988352,042,Scientific & Tech Services,0,0
2007,20051,10763,0.5367812079198045,042,Scientific & Tech Services,0,0
2008,20619,10979,0.5324700518938843,042,Scientific & Tech Services,0,0
2009,18898,10078,0.5332839453910466,042,Scientific & Tech Services,0,0
2010,20817,10710,0.514483354950281,042,Scientific & Tech Services,0,0
2011,24028,12478,0.5193108040619278,042,Scientific & Tech Services,0,0
2012,26214,13390,0.5107957579919127,042,Scientific & Tech Services,14,1
2013,26865,13601,0.5062721012469756,042,Scientific & Tech Services,7,1
2014,29393,14939,0.5082502636682203,042,Scientific & Tech Services,11,1
2015,32187,16630,0.5166682200888557,042,Scientific & Tech Services,9,1
2016,33394,17100,0.5120680361741631,042,Scientific & Tech Services,6,1
2017,36450,18568,0.5094101508916323,042,Scientific & Tech Services,4,1
2018,39224,19976,0.5092800326330817,042,Scientific & Tech Services,6,1
2019,40780,20163,0.4944335458558117,042,Scientific & Tech Services,14,1
2020,45370,22912,0.505003306149438,042,Scientific & Tech Services,18,1
2021,51496,25951,0.5039420537517477,042,Scientific & Tech Services,52,1
2022,51073,24942,0.48835979871948,042,Scientific & Tech Services,4,1
2023,47140,23374,0.4958421722528638,042,Scientific & Tech Services,0,0
2024,48552,24869,0.512213709013017,042,Scientific & Tech Services,0,0
2025,58895,32107,0.545156634688853,042,Scientific & Tech Services,0,0
2005,7219,4300,0.5956503670868541,043,Restaurants & Hotels,0,0
2006,8143,4857,0.5964632199435098,043,Restaurants & Hotels,0,0
2007,9156,5315,0.5804936653560506,043,Restaurants & Hotels,0,0
2008,8327,4791,0.5753572715263601,043,Restaurants & Hotels,0,0
2009,7225,4236,0.5862975778546713,043,Restaurants & Hotels,0,0
2010,8274,4864,0.5878656030940295,043,Restaurants & Hotels,0,0
2011,9555,5639,0.5901622187336473,043,Restaurants & Hotels,0,0
2012,9864,5839,0.5919505271695052,043,Restaurants & Hotels,0,0
2013,10757,6358,0.5910569861485544,043,Restaurants & Hotels,0,0
2014,11878,7018,0.5908402087893585,043,Restaurants & Hotels,0,0
2015,13425,8083,0.6020856610800744,043,Restaurants & Hotels,2,1
2016,14355,8509,0.5927551375827238,043,Restaurants & Hotels,0,0
2017,15178,9047,0.59606008696798,043,Restaurants & Hotels,0,0
2018,15704,9288,0.5914416709118696,043,Restaurants & Hotels,0,0
2019,16219,9536,0.5879524015044084,043,Restaurants & Hotels,0,0
2020,14250,8585,0.6024561403508772,043,Restaurants & Hotels,1,1
2021,17055,10303,0.6041043682204632,043,Restaurants & Hotels,3,1
2022,16283,9443,0.5799299883313885,043,Restaurants & Hotels,1,1
2023,16334,9323,0.570772621525652,043,Restaurants & Hotels,0,0
2024,15914,9352,0.587658665326128,043,Restaurants & Hotels,0,0
2025,16869,10198,0.6045408737921631,043,Restaurants & Hotels,0,0
2005,6749,3852,0.570751222403319,044,Medical & Personal Care,0,0
2006,7860,4369,0.555852417302799,044,Medical & Personal Care,0,0
2007,9077,5129,0.5650545334361573,044,Medical & Personal Care,0,0
2008,9016,5084,0.5638864241348713,044,Medical & Personal Care,0,0
2009,8643,4783,0.553395811639477,044,Medical & Personal Care,0,0
2010,8921,4961,0.5561035758323057,044,Medical & Personal Care,0,0
2011,9901,5530,0.5585294414705585,044,Medical & Personal Care,0,0
2012,10593,5671,0.5353535353535354,044,Medical & Personal Care,3,1
2013,11061,6222,0.5625169514510442,044,Medical & Personal Care,4,1
2014,11545,6443,0.5580770896491988,044,Medical & Personal Care,5,1
2015,13229,7610,0.5752513417491874,044,Medical & Personal Care,3,1
2016,14100,7979,0.5658865248226951,044,Medical & Personal Care,1,1
2017,15288,8896,0.5818942961800104,044,Medical & Personal Care,3,1
2018,16668,9727,0.5835733141348692,044,Medical & Personal Care,1,1
2019,17906,10555,0.5894672176923936,044,Medical & Personal Care,7,1
2020,19811,12074,0.6094593912472869,044,Medical & Personal Care,7,1
2021,20901,12732,0.6091574565810248,044,Medical & Personal Care,11,1
2022,19620,11454,0.5837920489296636,044,Medical & Personal Care,1,1
2023,18261,10949,0.5995838124965774,044,Medical & Personal Care,0,0
2024,18621,11449,0.6148434563127652,044,Medical & Personal Care,0,0
2025,20891,13344,0.6387439567277775,044,Medical & Personal Care,0,0
2005,2962,1851,0.62491559756921,045,Legal & Personal Services,0,0
2006,4063,2419,0.5953728771843465,045,Legal & Personal Services,0,0
2007,6859,4198,0.6120425718034699,045,Legal & Personal Services,0,0
2008,7037,4333,0.615745346028137,045,Legal & Personal Services,0,0
2009,6777,4176,0.6162018592297477,045,Legal & Personal Services,0,0
2010,7037,4155,0.5904504760551371,045,Legal & Personal Services,0,0
2011,8856,5289,0.5972222222222222,045,Legal & Personal Services,0,0
2012,8472,5045,0.595491029272899,045,Legal & Personal Services,6,1
2013,8191,4913,0.5998046636552313,045,Legal & Personal Services,0,0
2014,8918,5300,0.5943036555281453,045,Legal & Personal Services,1,1
2015,9720,5847,0.6015432098765432,045,Legal & Personal Services,0,0
2016,9327,5630,0.6036238876380401,045,Legal & Personal Services,1,1
2017,9917,6081,0.613189472622769,045,Legal & Personal Services,2,1
2018,9931,6064,0.610613231295942,045,Legal & Personal Services,0,0
2019,10669,6501,0.6093354578685912,045,Legal & Personal Services,0,0
2020,12350,7716,0.6247773279352227,045,Legal & Personal Services,0,0
2021,12826,7892,0.6153126461874318,045,Legal & Personal Services,3,1
2022,11913,7089,0.5950642155628305,045,Legal & Personal Services,0,0
2023,11289,6853,0.6070511117016565,045,Legal & Personal Services,0,0
2024,11598,7070,0.609587859975858,045,Legal & Personal Services,0,0
2025,12826,8098,0.6313737720255731,045,Legal & Personal Services,0,0
