stratum,token,tm_lift,tm_slope,google_lift,google_slope
negative,mens,0.06459666249467896,-0.08112743122135921,0.6660300482372262,-0.012712384151374094
negative,periodically,0.09509280895333011,-0.08465961963562517,0.6853284261146201,-0.011096794467307516
negative,sunless,14.632024141472906,0.011346740234096157,1.9198411599782357,0.027028040169490963
negative,microfiche,0.13347743585957134,-0.08534303450007767,0.008716744629694578,-0.1592803423182125
negative,rejection,76.82658591679495,0.08143272673637594,1.2164371695536096,0.00675206759374673
negative,womens,0.19681210344361824,-0.060894572956147364,0.6526519991004353,-0.025964468707286026
negative,minicomputers,0.26968219881714683,-0.04546560381263567,0.056848714153229334,-0.08862302289870563
negative,lager,5.096763003418175,0.07904166587934039,2.1881124641815237,0.03133136846898416
negative,astringent,0.5852516054354375,-0.021173332329264976,1.5896665438357416,0.012782076668481801
negative,dialing,0.8466921246702445,-0.01676305302115041,0.5927638874218797,-0.01752282519970065
negative,dial-up,2.2895887080063733,0.03660971942911294,0.362254041414032,-0.026923466753666404
negative,proxy,5.958609338480902,0.06688347596518862,1.4045584263421431,0.009595138215033704
negative,pager,0.5021441552855527,-0.0189437709382219,1.8490303345296424,0.012138282071052288
negative,stout,6.185240625996758,0.09066191793345285,1.4957256825907044,0.01745540887926845
negative,smartwatch,inf,0.7523754614876703,1235.0341925956648,0.2241003988413236
negative,productive,6.531512274425044,0.04441871927060528,0.943224091229092,-0.001717278024325843
negative,porter,1.1719266493806055,0.020825773307616348,1.3678167600857463,0.01225747755792668
negative,slogans,4.91779592483159,0.05377028793503647,1.0798187338020249,0.0021807631810933964
negative,shandy,22.44750863856524,0.13282694051483174,1.5045120960009406,0.029493727967930296
negative,store-and-forward,1.3271682116269394,-0.02698310412045685,0.39149749829176694,-0.03459350026805171
negative,casualty,1.2751909437204791,0.008059834952165201,0.6072896825951315,-0.013475681954400874
negative,blemish,2.169025967235771,0.0293804795121594,3.129097143764042,0.032124734282544455
negative,carry-out,0.47375240099899035,-0.018138382380034596,0.7151435194924594,-0.01629866294089583
negative,selfie,inf,0.7123953282628378,2341.1777009827197,0.2262584243359697
negative,sepsis,94.23059492510146,0.130288368062891,1.97016556571698,0.024948554076355024
neutral,outsource,inf,0.18044163560916038,38.6056160157239,0.1091702288162081
neutral,colloquia,inf,0.04723947472842169,0.4146407722286541,-0.02474706664207787
neutral,systematisation,inf,0.1570890825253385,2.216435464064978,0.026091835545629636
neutral,systematization,132.19727991901053,0.16973662347457708,1.4932327216995764,0.013428205878456287
neutral,institutes,5.872360594266811,0.07752993564311765,0.5890179095170541,-0.019361112745308922
neutral,organisational,inf,0.15035193624800264,2.7813844312893448,0.03284689220056525
neutral,organisations,inf,0.12458277940023814,1.2721922197955131,0.007093275843315469
neutral,taxation,11.41587695435629,0.09045551239005586,0.550170486086058,-0.021057200817996134
neutral,enquiries,inf,0.1260139273915036,0.6375464790691733,-0.012773094046314814
neutral,chocolate-coated,28.807025701979743,0.09910445717461343,1.55319996827327,0.022372933039506864
neutral,cheese-based,45.276936275883735,0.08153836996506274,1.8104682798336365,0.024270731538255704
neutral,scheme,66.863433623278,0.14144489375566882,0.7223586966587942,-0.009496744267114117
neutral,mergers,5.306742025211765,0.06901081775246762,0.505176843973862,-0.021575084497113917
neutral,non-commercial,51.2532744037973,0.16023123425431454,0.8443529522560644,-0.00470242176594275
neutral,freighting,298.10819734496306,0.14660199110940922,0.680085480252183,-0.006371227657129849
neutral,systemization,1892.4594886606374,0.19996800003097398,1.396089095782963,0.010241839196866566
neutral,commissioned,27.105032321807712,0.0952853978944086,0.9591265101385477,-0.0005060825810111363
neutral,get-togethers,inf,0.23934530845226487,1.9179111355278566,0.024466132966500114
neutral,chatroom,inf,0.17615890186335476,250.67650715011615,0.19063253493790278
neutral,traceability,137.20779971176,0.14133657798544297,5.653911490642242,0.05660516235212962
neutral,image-recorded,inf,0.06191722208642686,0.33602543403004653,-0.02557263944770051
neutral,guarantees,5.481237834805663,0.08861062576019615,0.7677116484700088,-0.011891832840190138
neutral,choice,51.321768340633696,0.11582685966167537,1.5428414594749214,0.015219488581444856
neutral,computerised,155.89175994821167,0.17814111924790374,0.2518464702659611,-0.04508427999209929
neutral,schemes,54.17275045831965,0.15269896341852102,0.7691827830770775,-0.007612113532627799
positive,non-fungible,inf,0.2434324823770091,2.8834121595142554,0.018622405266150478
positive,nfts,inf,NaN,2.0754077484325326,0.011564221080098493
positive,authenticated,inf,0.11020131231999737,1.4943340173620359,0.016806189907328274
positive,blockchain-based,inf,1.1694923872189527,inf,0.44082709862461833
positive,crypto,563.5723213642732,0.14790258940991544,7.072539618028037,0.05350500047039819
positive,cryptocurrencies,inf,0.8070800185883331,inf,0.5041850032598035
positive,blockchain,inf,0.7765236341736789,inf,0.40302886462583043
positive,cryptocurrency,inf,0.6538405761284756,inf,0.46864407581687406
positive,decentralized,98.90287993412404,0.12300577031968875,1.342999752445185,0.0063728875520415494
positive,add-in,26.57911409411319,0.11101633692596694,0.5240533806423271,-0.01000823471585864
positive,cryptographic,32.956508082926696,0.0941308634795111,6.727481345081501,0.060809912382972044
positive,repellers,3.3934258578728946,0.08478389658439531,0.9278134333300642,-0.005434403394609971
positive,animal-activated,535.4068059475273,0.13038089336810396,3.4245846285149613,0.011360626201365822
positive,cartomizers,inf,0.07396532496354474,NaN,NaN
positive,weaves,inf,0.2159666652730192,1.8992646988553443,0.019026164787280954
positive,home-health,159.85198070145236,0.14616998939742418,0.460288023646699,-0.03135569207749285
positive,party-themed,inf,0.14451028040894615,inf,0.0449930322637589
positive,toupees,11.808753497228876,0.10407608464533745,0.4259051681254769,-0.02238649613310894
positive,hairpieces,3.2369510431938338,0.045412492510466,0.8330888065969165,-0.001270132870154112
positive,bio-polymer,198.30607370282172,0.17908563121034052,10.00366976389157,0.05998556974354544
positive,workbook,5.29951842888787,0.041764269625390364,1.236930607951877,0.016053887277565883
positive,wig,37.384081186570704,0.1099094329425506,2.6432454477567315,0.036805498825459686
positive,enlargers,4.070875410780523,0.045052440135493914,0.08803546304501968,-0.07403402398294127
positive,agave,inf,0.19793508179947886,4.561874740264503,0.056694778968034376
positive,equivalent,16.268572859229938,0.07778670986007973,0.6900439025417736,-0.010762123624569945
