outcome,axis,bin,n,rate,mid,lo,hi
reached_registration,ΔKL,0,503117,0.5481389020844059,-0.4756279727866675,0.5467633286328751,0.5495137404027798
reached_registration,ΔKL,1,503116,0.5365422685821958,-0.2713193654381514,0.5351640588049582,0.5379199203183171
reached_registration,ΔKL,2,503117,0.5170844952565705,-0.2066230447996773,0.5157035474051531,0.5184651822092473
reached_registration,ΔKL,3,503115,0.501666616976238,-0.16483167809200103,0.5002849850114597,0.5030482234898694
reached_registration,ΔKL,4,503116,0.4891873842215314,-0.13286288020248566,0.48780616433486124,0.49056876922888004
reached_registration,ΔKL,5,503116,0.4769556126221388,-0.10644416022923263,0.47557563121370344,0.4783359459440201
reached_registration,ΔKL,6,503116,0.4670314599416437,-0.08350006134976817,0.4656530928277633,0.46841033052182796
reached_registration,ΔKL,7,503116,0.460861908585694,-0.06270668427097217,0.45948482107753796,0.46223959377607027
reached_registration,ΔKL,8,503116,0.4557636807416182,-0.043224651358292274,0.4543878108238252,0.4571402261972455
reached_registration,ΔKL,9,503118,0.4512579553901868,-0.02443980464530053,0.44988328526975735,0.45263336985293295
reached_registration,ΔKL,10,503115,0.4488854436858372,-0.005701687681600321,0.447511445513961,0.450260222435435
reached_registration,ΔKL,11,503116,0.4483061560355862,0.01354435810582134,0.4469323290945778,0.44968077239913207
reached_registration,ΔKL,12,503116,0.4479861503112602,0.03380124113675622,0.44661241801430424,0.44936067691759723
reached_registration,ΔKL,13,503116,0.4514167706850905,0.055725314839226915,0.45004205370620637,0.452792229583964
reached_registration,ΔKL,14,503116,0.4545969517964048,0.08032730625171529,0.4532213809475076,0.45597321600038593
reached_registration,ΔKL,15,503117,0.45811014137864553,0.10909991730601255,0.4567336944018391,0.4594872280589489
reached_registration,ΔKL,16,503115,0.4654661459109746,0.14507165587651938,0.4640880820173451,0.4668447371760437
reached_registration,ΔKL,17,503116,0.470169901175872,0.19505367544049956,0.4687909644139397,0.47154929347661706
reached_registration,ΔKL,18,503116,0.4690926148244143,0.277780685664611,0.467713867425418,0.47047183421358507
reached_registration,ΔKL,19,503117,0.47482593512045906,0.5713161216589435,0.473446255430723,0.4762059992454228
reached_registration,Prospective KL,0,503117,0.4228837427477108,2.626934326117777,0.4215192389901119,0.42424942415405476
reached_registration,Prospective KL,1,503116,0.4318725701428696,3.207714230240924,0.43050434998508813,0.43324183068233724
reached_registration,Prospective KL,2,503116,0.4298988702406602,3.517177466076317,0.4285314263307665,0.4312673846728345
reached_registration,Prospective KL,3,503116,0.4407830400941334,3.763546375939186,0.4394115906014935,0.44215539389566505
reached_registration,Prospective KL,4,503116,0.4475170735973414,3.979097058892692,0.44614348107292723,0.4488914675944602
reached_registration,Prospective KL,5,503116,0.4544657693255631,4.176877523034409,0.4530902325790773,0.4558420014304352
reached_registration,Prospective KL,6,503117,0.4602746478453322,4.359400905156331,0.4588976945637894,0.4616522077760145
reached_registration,Prospective KL,7,503115,0.46503085775617903,4.532939802264465,0.46365288098725843,0.4664093685438869
reached_registration,Prospective KL,8,503116,0.4692118716160885,4.700052040759633,0.46783310293693087,0.4705911104642367
reached_registration,Prospective KL,9,503117,0.47081891488460936,4.865526495521301,0.46943986852346864,0.47219840687251535
reached_registration,Prospective KL,10,503116,0.4743597897900285,5.032127858788248,0.47298017782548946,0.4757397933091175
reached_registration,Prospective KL,11,503116,0.4824175736808211,5.2011941051666115,0.48103693688497295,0.48379847897989015
reached_registration,Prospective KL,12,503118,0.4834531859325248,5.375815394569752,0.482072446250897,0.484834178301417
reached_registration,Prospective KL,13,503114,0.48746804899088475,5.5594154811873695,0.48608695042594957,0.4888493389334218
reached_registration,Prospective KL,14,503116,0.4902567201202108,5.757731569121047,0.4888754313167022,0.4916381577144485
reached_registration,Prospective KL,15,503116,0.4958836530740426,5.978260337063223,0.4945021057851119,0.49726526322417286
reached_registration,Prospective KL,16,503117,0.5034952108555266,6.232824938495372,0.5021135937567757,0.5048767745786235
reached_registration,Prospective KL,17,503115,0.5132027468868946,6.546471189750164,0.5118215009120232,0.5145837912407244
reached_registration,Prospective KL,18,503116,0.5241693764459886,6.978275706141779,0.5227891814670126,0.5255492023316836
reached_registration,Prospective KL,19,503117,0.5458829655924964,7.917310366985147,0.5445068206560145,0.5472584098464143
reached_registration,Retrospective KL,0,503117,0.4040590955980418,2.640570474838221,0.4027038770760753,0.4054157792414976
reached_registration,Retrospective KL,1,503116,0.4258063746730376,3.2070062822323004,0.42444061104142233,0.4271732713238961
reached_registration,Retrospective KL,2,503116,0.4263867577258525,3.510952626566251,0.425020749987553,0.4277538896202999
reached_registration,Retrospective KL,3,503116,0.4427428267039808,3.7561212510533397,0.441370727176438,0.4441158006122924
reached_registration,Retrospective KL,4,503116,0.4488527496640934,3.9729568018978787,0.4474787623940767,0.4502275180095544
reached_registration,Retrospective KL,5,503116,0.4570278027333657,4.172651688333787,0.45565161737346205,0.4584046443265537
reached_registration,Retrospective KL,6,503116,0.4625970949045548,4.357072162489818,0.4612196260744093,0.4639751349186941
reached_registration,Retrospective KL,7,503116,0.467568115504178,4.530961004027647,0.4661896471020771,0.46894707917725487
reached_registration,Retrospective KL,8,503116,0.4705018325793654,4.699921975167356,0.46912283877087596,0.4718812768577056
reached_registration,Retrospective KL,9,503117,0.47361746870012345,4.865335114666092,0.4722379706283313,0.474997369661734
reached_registration,Retrospective KL,10,503116,0.4765024368137765,5.031925451086404,0.4751225172100012,0.4778827152514967
reached_registration,Retrospective KL,11,503116,0.48177358700578,5.202143690231079,0.48039301888926594,0.4831544334599082
reached_registration,Retrospective KL,12,503116,0.4863113079289866,5.377500450258344,0.48493030478030796,0.48769252011923003
reached_registration,Retrospective KL,13,503116,0.4876231326374037,5.563593481742409,0.4862420249556666,0.4890044293276822
reached_registration,Retrospective KL,14,503116,0.493001613941914,5.764430302117407,0.4916201771796014,0.4943831575773717
reached_registration,Retrospective KL,15,503116,0.497189514942876,5.987091533886477,0.4958079326875847,0.49857114011740256
reached_registration,Retrospective KL,16,503123,0.5058862345788206,6.245006485257276,0.5045046694470943,0.5072677098224436
reached_registration,Retrospective KL,17,503109,0.5147154990270498,6.563002584874229,0.5133343500115479,0.5160964233173753
reached_registration,Retrospective KL,18,503119,0.5242954450140026,7.000931695493912,0.5229152700907151,0.5256752489210139
reached_registration,Retrospective KL,19,503114,0.5468879816502821,7.955088193675263,0.5455120836858406,0.5482631635802068
survived_5y,ΔKL,0,503117,0.548132939256674,-0.4756279727866699,0.5467573642570331,0.5495077792142169
survived_5y,ΔKL,1,503116,0.5364965534787206,-0.2713193654381503,0.5351183347994727,0.537874214814973
survived_5y,ΔKL,2,503117,0.517050705899423,-0.20662304479967777,0.515669755117023,0.5184313962990826
survived_5y,ΔKL,3,503115,0.5016129513133181,-0.16483167809200122,0.5002313192719755,0.5029945587230497
survived_5y,ΔKL,4,503116,0.4891257682124997,-0.13286288020248543,0.48774455248955606,0.4905071499970669
survived_5y,ΔKL,5,503116,0.4768363558304645,-0.10644416022923331,0.4754563905760183,0.47821667481954055
survived_5y,ΔKL,6,503116,0.4669042526971911,-0.08350006134976799,0.46552590982723746,0.4682831009760448
survived_5y,ΔKL,7,503116,0.4607446394072142,-0.06270668427097226,0.45936757827563984,0.4621223000118398
survived_5y,ΔKL,8,503116,0.4556066592992471,-0.04322465135829204,0.4542308291875325,0.45698316734668815
survived_5y,ΔKL,9,503118,0.4511168354143561,-0.024439804645300548,0.4497422046227445,0.45249221270333495
survived_5y,ΔKL,10,503115,0.4487304095485128,-0.005701687681600312,0.4473564566530169,0.45010514538927887
survived_5y,ΔKL,11,503116,0.4481550974327988,0.01354435810582131,0.4467813150968128,0.4495296714981553
survived_5y,ΔKL,12,503116,0.4478172031897217,0.033801241136756255,0.4464435210921339,0.44919168217670113
survived_5y,ΔKL,13,503116,0.4512736625350814,0.05572531483922682,0.4498989853125643,0.45264908386300856
survived_5y,ΔKL,14,503116,0.4544796826179251,0.08032730625171534,0.4531041422499519,0.45585591813181314
survived_5y,ΔKL,15,503117,0.45796902112232346,0.1090999173060121,0.4565926080636006,0.4593460760396024
survived_5y,ΔKL,16,503115,0.46537074028800574,0.14507165587652004,0.4639926953999486,0.4667493140044553
survived_5y,ΔKL,17,503116,0.4701062975536457,0.19505367544049948,0.46872737179267665,0.47148567982472567
survived_5y,ΔKL,18,503116,0.469015097909826,0.2777806856646108,0.46763636438532535,0.47039430460827064
survived_5y,ΔKL,19,503117,0.4747921457633115,0.5713161216589434,0.47341247104159956,0.4761722054362513
survived_5y,Prospective KL,0,503117,0.42267106855860564,2.6269343261177944,0.42130665828949154,0.42403665972423
survived_5y,Prospective KL,1,503116,0.4317075982477202,3.207714230240936,0.4303394421241611,0.4330767972722699
survived_5y,Prospective KL,2,503116,0.4296842080156465,3.5171774660763213,0.4283168498681239,0.4310526399635808
survived_5y,Prospective KL,3,503116,0.4405962044538436,3.7635463759391956,0.43922481806356795,0.4419684980061993
survived_5y,Prospective KL,4,503116,0.4473779406737214,3.979097058892688,0.44600438984499624,0.4487522950998657
survived_5y,Prospective KL,5,503116,0.4542769460720788,4.176877523034419,0.45290145858146486,0.45565313180462036
survived_5y,Prospective KL,6,503117,0.46014744085371795,4.359400905156341,0.45877051660424056,0.46152497369492346
survived_5y,Prospective KL,7,503115,0.46493346451606493,4.532939802264486,0.4635555073852074,0.46631195715301593
survived_5y,Prospective KL,8,503116,0.4691144785695545,4.700052040759622,0.46773572726327756,0.4704937015321223
survived_5y,Prospective KL,9,503117,0.47073543529636247,4.865526495521311,0.46935640307755644,0.47211491441675746
survived_5y,Prospective KL,10,503116,0.4742763100358565,5.0321278587882485,0.47289671057269617,0.47565630232839556
survived_5y,Prospective KL,11,503116,0.4823698709641514,5.201194105166615,0.4809892391769131,0.4837507719830842
survived_5y,Prospective KL,12,503118,0.48335778087844206,5.3758153945697655,0.4819770506795831,0.48473876522150106
survived_5y,Prospective KL,13,503114,0.4874064327369145,5.5594154811873695,0.48602533892168276,0.4887877188707006
survived_5y,Prospective KL,14,503116,0.4902010669507628,5.757731569121058,0.48881978157802164,0.4915825019641189
survived_5y,Prospective KL,15,503116,0.4958578141025131,5.978260337063224,0.4944762676005486,0.49723942386026704
survived_5y,Prospective KL,16,503117,0.5034653967168671,6.232824938495401,0.5020837792723118,0.5048469612410622
survived_5y,Prospective KL,17,503115,0.5131590193097005,6.546471189750141,0.5117777704823284,0.5145400671838011
survived_5y,Prospective KL,18,503116,0.52413956224807,6.978275706141771,0.5227593635122312,0.5255193923459238
survived_5y,Prospective KL,19,503117,0.5458591142815687,7.9173103669851566,0.54448296345519,0.5472345647896188
survived_5y,Retrospective KL,0,503117,0.403824557707253,2.6405704748382215,0.4024694678464647,0.4051811162711781
survived_5y,Retrospective KL,1,503116,0.4256533284570556,3.207006282232307,0.4242876295166993,0.42702016275384114
survived_5y,Retrospective KL,2,503116,0.4261522193688931,3.510952626566243,0.4247863100447623,0.42751925643083355
survived_5y,Retrospective KL,3,503116,0.4425758671956368,3.7561212510533473,0.4412038222022442,0.4439487891194558
survived_5y,Retrospective KL,4,503116,0.4486957282217222,3.9729568018978934,0.44732178683811363,0.45007045307866733
survived_5y,Retrospective KL,5,503116,0.4568886698097457,4.1726516883337945,0.4555125187308605,0.45826547924662986
survived_5y,Retrospective KL,6,503116,0.4624698876601022,4.35707216248979,0.4610924462146848,0.4638479022321096
survived_5y,Retrospective KL,7,503116,0.4674190445145851,4.530961004027654,0.46604060408742093,0.4687979824892053
survived_5y,Retrospective KL,8,503116,0.4704104023724151,4.699921975167355,0.4690314242162661,0.471789832394656
survived_5y,Retrospective KL,9,503117,0.47353398911187655,4.865335114666099,0.4721545038852917,0.4749138785031035
survived_5y,Retrospective KL,10,503116,0.476444796031134,5.0319254510864235,0.47506488437010513,0.4778250674063466
survived_5y,Retrospective KL,11,503116,0.4817139586099428,5.20214369023108,0.48033339696878546,0.4830947994993064
survived_5y,Retrospective KL,12,503116,0.4862238529484254,5.377500450258354,0.48484285710712316,0.4876050591668274
survived_5y,Retrospective KL,13,503116,0.4875694670811503,5.563593481742413,0.48618836348900824,0.4889507605013665
survived_5y,Retrospective KL,14,503116,0.4929479483856606,5.764430302117409,0.4915665141168633,0.49432949034713575
survived_5y,Retrospective KL,15,503116,0.4971517502921791,5.987091533886477,0.49577016891575404,0.4985333751645477
survived_5y,Retrospective KL,16,503123,0.50585642079571,6.245006485257243,0.5044748549241779,0.5072378972344221
survived_5y,Retrospective KL,17,503109,0.5146757462100658,6.563002584874209,0.5132945942681694,0.516056674033864
survived_5y,Retrospective KL,18,503119,0.5242636433925175,7.000931695493924,0.5228834644398853,0.5256434518145169
survived_5y,Retrospective KL,19,503114,0.546866117818228,7.955088193675249,0.5454902143315251,0.5482413056043004
in_sec,ΔKL,0,503117,0.05784737943659228,-0.4756279727866672,0.05720565358346797,0.05849585743896867
in_sec,ΔKL,1,503116,0.05372717226246035,-0.27131936543815044,0.053107516719855016,0.054353642887888035
in_sec,ΔKL,2,503117,0.049223142926993126,-0.20662304479967702,0.04862879149178027,0.04982437821288737
in_sec,ΔKL,3,503115,0.047070749232282875,-0.16483167809200172,0.04648896727408509,0.047659447938039605
in_sec,ΔKL,4,503116,0.045446775693875764,-0.132862880202485,0.04487470070107741,0.04602579222036893
in_sec,ΔKL,5,503116,0.04421644312643605,-0.10644416022923334,0.04365185548025672,0.04478799109485796
in_sec,ΔKL,6,503116,0.04321468607637205,-0.08350006134976809,0.04265628344100553,0.043780064331926355
in_sec,ΔKL,7,503116,0.04169018675613576,-0.0627066842709722,0.04114135579825454,0.0422460166150063
in_sec,ΔKL,8,503116,0.04081166172413519,-0.043224651358291996,0.040268437305384874,0.041361898459929936
in_sec,ΔKL,9,503118,0.04116131802082215,-0.024439804645300548,0.04061585512625395,0.04171378786493992
in_sec,ΔKL,10,503115,0.039996819812567704,-0.005701687681600316,0.039458856483870486,0.040541807915814757
in_sec,ΔKL,11,503116,0.040809674110940615,0.013544358105821315,0.04026646245391941,0.04135989811535932
in_sec,ΔKL,12,503116,0.041042224854705475,0.03380124113675629,0.040497522459968294,0.04159393604553145
in_sec,ΔKL,13,503116,0.040889178638723475,0.055725314839226936,0.0403454567871197,0.04143991162360212
in_sec,ΔKL,14,503116,0.040750045715103475,0.08032730625171544,0.040207217073915974,0.04129988761428045
in_sec,ΔKL,15,503117,0.0403822570098009,0.10909991730601215,0.03984179839961096,0.040929734480572556
in_sec,ΔKL,16,503115,0.039933216063921764,0.14507165587652052,0.03939566598162399,0.040477791892071346
in_sec,ΔKL,17,503116,0.03921560832889433,0.1950536754404996,0.03868274721279259,0.0397555061355524
in_sec,ΔKL,18,503116,0.03662177310997861,0.2777806856646102,0.036106273999275545,0.037144348521988974
in_sec,ΔKL,19,503117,0.03494018289980263,0.5713161216589416,0.034436310758558256,0.03545115700799273
in_sec,Prospective KL,0,503117,0.04405535889266314,2.6269343261177878,0.04349176091134992,0.044625919642315305
in_sec,Prospective KL,1,503116,0.04133639160750205,3.2077142302409283,0.040789810342141,0.04188997717669813
in_sec,Prospective KL,2,503116,0.0424872196471589,3.517177466076311,0.04193336003468082,0.04304806598904688
in_sec,Prospective KL,3,503116,0.04245144260965662,3.7635463759391974,0.041897807565069944,0.04301206493000838
in_sec,Prospective KL,4,503116,0.04399383044864405,3.9790970588927013,0.04343061026157732,0.044564014357496746
in_sec,Prospective KL,5,503116,0.04290859364440805,4.176877523034412,0.04235209719446824,0.043472070388907796
in_sec,Prospective KL,6,503117,0.043351745220296674,4.359400905156354,0.04279249210359692,0.043917971850277994
in_sec,Prospective KL,7,503115,0.044532562137881,4.532939802264476,0.04396603884844312,0.04510604093589704
in_sec,Prospective KL,8,503116,0.04423035641879805,4.700052040759626,0.04366568343754624,0.044801989509820984
in_sec,Prospective KL,9,503117,0.044413128556578294,4.865526495521317,0.043847336554821655,0.04498587786314374
in_sec,Prospective KL,10,503116,0.04532354367581234,5.03212785878825,0.04475221333696743,0.045901817430242124
in_sec,Prospective KL,11,503116,0.044639804736879764,5.20119410516661,0.044072627325298395,0.045213936005500686
in_sec,Prospective KL,12,503118,0.044073159775639116,5.375815394569736,0.043509452946417365,0.04464382908752246
in_sec,Prospective KL,13,503114,0.04383897088930143,5.5594154811873535,0.04327670319764807,0.04440820469531027
in_sec,Prospective KL,14,503116,0.04292449454996462,5.757731569121063,0.042367898886591565,0.04348807026507308
in_sec,Prospective KL,15,503116,0.042693931419394336,5.978260337063233,0.042138776409362505,0.04325607000211722
in_sec,Prospective KL,16,503117,0.04330603020768529,6.232824938495406,0.04274706077526241,0.043871973851507456
in_sec,Prospective KL,17,503115,0.04205797879212506,6.546471189750166,0.041506820071661184,0.04261613081088434
in_sec,Prospective KL,18,503116,0.0401219599456189,6.978275706141767,0.039583185171608776,0.04066775756918732
in_sec,Prospective KL,19,503117,0.03625001739158089,7.917310366985116,0.03573706301289609,0.03677005373462051
in_sec,Retrospective KL,0,503117,0.04106798219897161,2.64057047483822,0.04052311552301406,0.04161985726374477
in_sec,Retrospective KL,1,503116,0.038899577830957474,3.207006282232309,0.038368796827981826,0.03943740035062692
in_sec,Retrospective KL,2,503116,0.042346099110344336,3.510952626566249,0.041793125920427096,0.04290606118473915
in_sec,Retrospective KL,3,503116,0.04293840784232662,3.7561212510533433,0.042381725384405766,0.04350207013951142
in_sec,Retrospective KL,4,503116,0.044514585105621764,3.972956801897892,0.04394817220828255,0.04508795377224367
in_sec,Retrospective KL,5,503116,0.042860890927738336,4.172651688333801,0.04230469224405864,0.04342407063445154
in_sec,Retrospective KL,6,503116,0.04271977039092376,4.357072162489818,0.04216445370787834,0.04328207025207038
in_sec,Retrospective KL,7,503116,0.04425818300352205,4.530961004027642,0.04369333939827169,0.044829986293600604
in_sec,Retrospective KL,8,503116,0.04464179235007434,4.699921975167336,0.044074602813274785,0.045215935713560376
in_sec,Retrospective KL,9,503117,0.04410107390527452,4.865335114666081,0.04353719500929097,0.04467191487147927
in_sec,Retrospective KL,10,503116,0.045414973882762624,5.031925451086407,0.04484309094740055,0.045993798837468555
in_sec,Retrospective KL,11,503116,0.0451386956487172,5.202143690231086,0.044568484477528196,0.04571585305832621
in_sec,Retrospective KL,12,503116,0.04443905580422805,5.377500450258341,0.04387310463915727,0.045011963891998026
in_sec,Retrospective KL,13,503116,0.04399383044864405,5.563593481742406,0.04343061026157732,0.044564014357496746
in_sec,Retrospective KL,14,503116,0.04323853743470691,5.764430302117422,0.04267998658970899,0.043804063535655816
in_sec,Retrospective KL,15,503116,0.04344326159374776,5.987091533886481,0.04288344053308527,0.044010054783995466
in_sec,Retrospective KL,16,503123,0.043233960681582834,6.2450064852572575,0.04267544213364809,0.04379945445831303
in_sec,Retrospective KL,17,503109,0.04306025135706179,6.563002584874204,0.04250280564040404,0.043624675149384645
in_sec,Retrospective KL,18,503119,0.04095055046619189,7.000931695493894,0.04040643677715401,0.041501674309488396
in_sec,Retrospective KL,19,503114,0.037729023640765316,7.955088193675258,0.037206030228825834,0.03825907647312661
