cpc_class,decade,total_inventors,n_distinct_surnames,hhi,top5_share
A01,1980,14839,9697,0.0007419438073968668,0.03881663184850731
A01,1990,20604,12526,0.0006668396977763477,0.03499320520287323
A01,2000,21147,12842,0.000490391666614061,0.030264340095521824
A01,2010,31234,18100,0.00040332208008154015,0.025292949990395084
A01,2020,25680,14738,0.0006864803815956756,0.03956386292834891
A21,1980,1213,1071,0.0011479105513300873,0.025556471558120363
A21,1990,1811,1547,0.0009192855123957192,0.02816123688569851
A21,2000,1731,1507,0.0008727252824342606,0.022530329289428077
A21,2010,1719,1494,0.0008470500964310528,0.02268760907504363
A21,2020,979,846,0.001622426419570949,0.03779366700715015
A22,1980,1131,978,0.0015314725824192607,0.03713527851458886
A22,1990,1361,1157,0.0012648995503479147,0.03159441587068332
A22,2000,1329,1119,0.0011963259826943224,0.02784048156508653
A22,2010,1310,1107,0.0013250976050346707,0.03435114503816794
A22,2020,777,683,0.0018567933625848688,0.039897039897039896
A23,1980,6173,4694,0.0006069134280914663,0.027215292402397537
A23,1990,8637,6303,0.0004736468727369046,0.025008683570684264
A23,2000,9030,6608,0.00039425613403825576,0.022702104097452935
A23,2010,10759,7487,0.00043875880697792483,0.02621061436936518
A23,2020,8714,5962,0.0009579924069646141,0.04796878586183154
A24,1980,1516,1303,0.0015098405051482517,0.04287598944591029
A24,1990,1535,1283,0.0021105794225933436,0.05211726384364821
A24,2000,1005,869,0.001604910769535405,0.03582089552238806
A24,2010,2325,1837,0.0010157937333795807,0.03612903225806452
A24,2020,3308,2256,0.0016840198324679883,0.061970979443772674
A41,1980,1883,1557,0.0011442063869673848,0.038236856080722255
A41,1990,2940,2267,0.0009067980933870131,0.03435374149659864
A41,2000,3370,2528,0.0008891510887654191,0.03768545994065282
A41,2010,4734,3479,0.0006460290763952808,0.029573299535276723
A41,2020,4033,2991,0.000812599303944786,0.03396974956607984
A42,1990,1162,975,0.001574530233054172,0.04044750430292599
A42,2000,1188,977,0.0016409890147263866,0.046296296296296294
A42,2010,1670,1362,0.0013223851697801983,0.04491017964071856
A42,2020,1527,1233,0.0013161906893982976,0.0412573673870334
A43,1980,1413,1233,0.0013948929388365734,0.03750884642604388
A43,1990,2027,1655,0.001016129318823409,0.03502713369511593
A43,2000,2341,1832,0.0010326112839834315,0.03630926954293037
A43,2010,3404,2582,0.0008932257757169624,0.0373090481786134
A43,2020,3001,2247,0.0011600043126799575,0.04465178273908697
A44,1980,1194,1062,0.001206479073199611,0.02931323283082077
A44,1990,1811,1505,0.000978436885332625,0.02816123688569851
A44,2000,1899,1578,0.0009503075397072984,0.0315955766192733
A44,2010,2523,2038,0.0008198847259984195,0.029726516052318668
A44,2020,1771,1438,0.0011965791800323995,0.04121964991530209
A45,1980,2377,1962,0.0009176781627463727,0.03155237694572991
A45,1990,4698,3461,0.0008651091258999736,0.037675606641123884
A45,2000,4836,3464,0.0007879626265922593,0.034119106699751864
A45,2010,7745,5161,0.0008515958774710857,0.043124596513879926
A45,2020,5501,3712,0.0011462608259389699,0.05035448100345392
A46,1980,650,580,0.002139644970414201,0.04
A46,1990,1190,1000,0.0014871831085375366,0.041176470588235294
A46,2000,1376,1157,0.0012401128988642509,0.034156976744186045
A46,2010,1822,1491,0.0010741986285441641,0.036223929747530186
A46,2020,1233,1045,0.0014503821312921426,0.0413625304136253
A47,1980,11842,7898,0.000766182193795747,0.036818105049822664
A47,1990,20266,12093,0.0007511612381536953,0.03814270206256785
A47,2000,22253,12943,0.0006327898333284022,0.03586033343818811
A47,2010,30372,16777,0.000631180777473426,0.03871987356775978
A47,2020,21429,11844,0.0010357075046188663,0.0500723318866956
A61,1980,36349,21587,0.0004218134977792893,0.026025475253789652
A61,1990,80154,39981,0.00033761704828193993,0.0250767272999476
A61,2000,109837,51468,0.0002901694849767123,0.023179802798692608
A61,2010,220159,86517,0.00044678728236562836,0.03184062427609137
A61,2020,182639,73231,0.0006795620728366544,0.04109199021019607
A62,1980,1601,1380,0.0015507952751266881,0.04559650218613367
A62,1990,3076,2454,0.0009945278772188224,0.03706111833550065
A62,2000,2673,2169,0.0008348578411346006,0.030303030303030304
A62,2010,3893,3080,0.0006779739749049995,0.029283329052144876
A62,2020,3059,2362,0.001062572288418218,0.04315135665250082
A63,1980,9741,6656,0.0009156673288326785,0.03983163946206755
A63,1990,18013,10802,0.0007334987611681564,0.03791705990118248
A63,2000,18569,10851,0.000604612261033184,0.034681458344552746
A63,2010,26951,14724,0.000567488631520988,0.03498942525323736
A63,2020,17855,10110,0.0008496114465127584,0.04284514141697004
B01,1980,20659,13385,0.000499001531841051,0.0271068299530471
B01,1990,29669,17776,0.00038715270657204055,0.02514408979069062
B01,2000,34566,19833,0.00037798530428088126,0.026268587629462478
B01,2010,52323,26633,0.0007045657254121262,0.041434933012250826
B01,2020,37400,18875,0.0012920872773027536,0.05943850267379679
B02,1980,1377,1228,0.001158676440263295,0.03122730573710966
B02,1990,1658,1419,0.000993101401109654,0.028950542822677925
B02,2000,1395,1205,0.0013016276769311792,0.03727598566308244
B02,2010,2433,1979,0.0008259158856448581,0.029593094944512947
B02,2020,1511,1250,0.0015001395020237652,0.05228325612177366
B03,1980,1838,1637,0.0010111762205453469,0.03536452665941241
B03,1990,1668,1451,0.0010559897405816353,0.03117505995203837
B03,2000,1484,1287,0.0009889858399750075,0.024932614555256066
B03,2010,2355,1807,0.001404429298461511,0.05180467091295117
B03,2020,1260,967,0.002785336356764929,0.08412698412698413
B04,1980,889,825,0.0015120438404142122,0.031496062992125984
B04,1990,823,752,0.0015634942546384363,0.027946537059538274
B04,2000,876,769,0.0016810533558516293,0.03881278538812785
B04,2010,1058,934,0.0015955489009830577,0.0444234404536862
B04,2020,641,594,0.001954337143844566,0.0374414976599064
B05,1980,5377,4184,0.0006734543831068266,0.02975636972289381
B05,1990,8265,5936,0.0005287202611322099,0.027102238354506956
B05,2000,8307,5944,0.00045924826315367435,0.023835319609967497
B05,2010,12173,7889,0.0007097289170800308,0.03877433664667707
B05,2020,7682,5041,0.001012723881555567,0.04634209841187191
B06,1980,617,566,0.002062050650268328,0.03403565640194489
B06,1990,753,693,0.0017160221442693144,0.035856573705179286
B06,2000,843,742,0.00169563314660261,0.036773428232502965
B06,2010,1139,905,0.002037275277282955,0.05794556628621598
B06,2020,1239,934,0.00279261374184836,0.08313155770782889
B07,1980,1500,1321,0.0011742222222222215,0.03266666666666666
B07,1990,1870,1628,0.0010637993651519944,0.033689839572192515
B07,2000,1612,1425,0.0008843413850217661,0.02295285359801489
B07,2010,2204,1847,0.0008600926874417412,0.030399274047186932
B07,2020,1749,1389,0.001461588276695565,0.048027444253859346
B08,1980,972,868,0.0017231451845077803,0.043209876543209874
B08,1990,2091,1741,0.0010710656520017806,0.03443328550932568
B08,2000,2501,2012,0.0009373299860383727,0.03598560575769692
B08,2010,4380,3169,0.0009173078125977388,0.0408675799086758
B08,2020,3031,2139,0.0016803162656290798,0.0580666446717255
B09,1990,1243,1096,0.0012109648302416308,0.029766693483507644
B09,2000,933,819,0.0015588939090557152,0.03536977491961415
B09,2010,984,815,0.0020077334919690643,0.05589430894308943
B09,2020,764,565,0.004961486801348649,0.11910994764397906
B21,1980,6107,4637,0.0005188568717861528,0.02472572457835271
B21,1990,6692,4879,0.00049612726868027,0.023460848774656307
B21,2000,6820,5077,0.000408321221867717,0.01788856304985337
B21,2010,8133,5550,0.0006301090914632393,0.030861920570515185
B21,2020,5410,3603,0.0012578882810978503,0.05249537892791128
B22,1980,4856,3864,0.0005239870375547226,0.02471169686985173
B22,1990,5677,4197,0.0005223665179786394,0.02113792496036639
B22,2000,5184,3887,0.0005597261516918153,0.02642746913580247
B22,2010,6854,4630,0.0008970286850785599,0.04333236066530493
B22,2020,6530,4286,0.0013709372925993603,0.05880551301684533
B23,1980,13268,9124,0.0005157014926349846,0.02698221284293036
B23,1990,15568,9997,0.000465319272991532,0.026014902363823228
B23,2000,17273,10633,0.00045217378165704567,0.026804839923580154
B23,2010,24031,13469,0.0005991543100682748,0.03437226915234489
B23,2020,16273,9256,0.0009983779761264704,0.04682603084864499
B24,1980,2870,2398,0.0009607983586057861,0.037630662020905925
B24,1990,5011,3741,0.0007274755864378351,0.030333266813011375
B24,2000,7690,4866,0.0009539350751909579,0.044083224967490245
B24,2010,6786,4378,0.0010404389196425536,0.04509283819628647
B24,2020,3642,2357,0.0021088400294206272,0.0727622185612301
B25,1980,5349,4130,0.0007870528667524282,0.03383810057954758
B25,1990,7444,5258,0.0007666052323766698,0.03747984954325631
B25,2000,8905,5884,0.0009321552188062834,0.0480628860190904
B25,2010,14405,8611,0.0009368059246079685,0.04678930926761541
B25,2020,15516,8659,0.0013130505340029055,0.05690899716421758
B26,1980,2787,2323,0.0009167840487557628,0.03659849300322928
B26,1990,3459,2703,0.0009164473336146616,0.036715813819022836
B26,2000,3610,2836,0.0007923511943585457,0.03462603878116344
B26,2010,4643,3500,0.0006958615557898343,0.03446047813913418
B26,2020,2919,2325,0.0008387945347730037,0.03357314148681055
B27,1980,2041,1701,0.001161634796327419,0.03968642822146007
B27,1990,2096,1731,0.0010197540935842893,0.035305343511450385
B27,2000,2219,1801,0.0009819330413055668,0.03515096890491212
B27,2010,2039,1675,0.0009253110206779474,0.029916625796959292
B27,2020,1209,983,0.001882079605604782,0.05707196029776675
B28,1980,1193,1060,0.0012401203162622986,0.030176026823134954
B28,1990,1566,1279,0.0012746925813381055,0.0351213282247765
B28,2000,1690,1408,0.0010951997479079867,0.03609467455621302
B28,2010,2127,1735,0.0009126618626480376,0.029619181946403384
B28,2020,1576,1264,0.001750560437012037,0.06218274111675127
B29,1980,10450,7394,0.0006033744648703093,0.030430622009569377
B29,1990,16953,10622,0.0004545758061601663,0.024361469946322184
B29,2000,17515,10993,0.0003981449284243861,0.0239223522694833
B29,2010,27132,15697,0.0005496087957751132,0.03435058233819844
B29,2020,22561,13242,0.0006626598183534529,0.03829617481494615
B30,1980,1570,1393,0.001071848756541849,0.030573248407643312
B30,1990,1754,1486,0.0009634274614531504,0.02508551881413911
B30,2000,1143,1004,0.0012606691880050424,0.028871391076115485
B30,2010,1101,978,0.0012877402344990655,0.03178928247048138
B30,2020,646,575,0.002132676437040518,0.04179566563467492
B31,1980,731,665,0.0019630923663964996,0.04240766073871409
B31,1990,959,843,0.0016081663098400432,0.03753910323253389
B31,2000,1035,919,0.0013283857266213916,0.02705314009661836
B31,2010,1259,1113,0.0011198165898146538,0.027005559968228753
B31,2020,898,800,0.0015128893209855109,0.030066815144766147
B32,1980,5775,4290,0.0008043927212758371,0.03359307359307359
B32,1990,10144,6744,0.0005941065377802545,0.027996845425867507
B32,2000,11814,7661,0.00046908161085734706,0.024208566108007448
B32,2010,15494,8968,0.00098298772249251,0.04834129340389828
B32,2020,11727,6624,0.001621065301962269,0.06600153491941672
B41,1980,8658,5792,0.0006138128106250075,0.030492030492030493
B41,1990,14322,8190,0.0005709252165189569,0.027510124284317834
B41,2000,18244,9790,0.0005365644234713333,0.024775268581451435
B41,2010,19031,9867,0.0006469426036041889,0.030213861594240974
B41,2020,9634,5626,0.000752731625834372,0.03186630682997717
B42,1980,1571,1364,0.001314807979283977,0.03882877148313176
B42,1990,2803,2262,0.0008966744641495049,0.03460577952194078
B42,2000,2555,2050,0.0008420617261729238,0.03091976516634051
B42,2010,2735,2198,0.00067818815610493,0.020475319926873858
B42,2020,1144,1012,0.0012729840089979953,0.030594405594405596
B43,1980,1069,942,0.001385241533444001,0.03367633302151544
B43,1990,1379,1151,0.0012909902552584885,0.03625815808556925
B43,2000,1625,1302,0.0013159763313609467,0.04123076923076923
B43,2010,1180,1006,0.001378914105142199,0.03728813559322034
B43,2020,543,477,0.0025267170653453085,0.04419889502762431
B44,1980,1032,912,0.001866624601886906,0.044573643410852716
B44,1990,1472,1258,0.0013623877599243863,0.03940217391304348
B44,2000,1828,1507,0.0010276563450148197,0.03172866520787746
B44,2010,1452,1195,0.0013774104683195593,0.04338842975206612
B44,2020,632,574,0.002153100464669126,0.04430379746835443
B60,1980,18618,11522,0.00048156257853837226,0.02637232785476421
B60,1990,34229,18539,0.0004457631487733704,0.02544625902012913
B60,2000,49832,25489,0.0003333354510068584,0.022435382886498635
B60,2010,80187,36173,0.0005572553800570792,0.0360033421876364
B60,2020,69791,31633,0.0008935968593674853,0.04726970526285624
B61,1980,1638,1443,0.001120369252237384,0.03540903540903541
B61,1990,2000,1724,0.0009679999999999997,0.032
B61,2000,2183,1867,0.000845873319611062,0.02885936784241869
B61,2010,4091,3147,0.0007990425112962676,0.037643607919824004
B61,2020,3450,2395,0.00230203738710355,0.08695652173913043
B62,1980,6513,4650,0.0006454393295634811,0.029633041609089514
B62,1990,9443,6243,0.0006351333615766838,0.030604680715874192
B62,2000,14717,9118,0.00046809621099513926,0.025276890670652988
B62,2010,23669,13298,0.000536582346926129,0.03210951032996747
B62,2020,16125,9549,0.0007994711856258632,0.04062015503875969
B63,1980,4214,3314,0.0009928033861859897,0.03962980541053631
B63,1990,5452,3990,0.0009789968505233967,0.04200293470286134
B63,2000,6096,4537,0.0005944907723148779,0.030675853018372702
B63,2010,7949,5598,0.0006957329450273801,0.040885645993206696
B63,2020,5372,3735,0.0011582076113478843,0.05156366344005957
B64,1980,3276,2628,0.001001474444697887,0.039987789987789985
B64,1990,4824,3795,0.000893215651977812,0.03855721393034826
B64,2000,6473,4977,0.000604610115736071,0.0325969411401205
B64,2010,16622,11611,0.00030890631918206886,0.021718204788834076
B64,2020,15953,10958,0.0003776725988668941,0.024384128377107753
B65,1980,22989,14427,0.0006364063224839542,0.03310278829005176
B65,1990,32032,18687,0.00047875880051516894,0.02872127872127872
B65,2000,31151,18376,0.00038330670432666836,0.025039324580270295
B65,2010,42382,23200,0.00034085315493685107,0.023476947760841867
B65,2020,26017,15364,0.00045355610255566137,0.0291732328861898
B66,1980,3177,2611,0.001082199936215297,0.039660056657223795
B66,1990,3773,2961,0.0007205211692519471,0.029684601113172542
B66,2000,4381,3449,0.0005934926508457872,0.026477973065510158
B66,2010,7028,5110,0.0005354628319796676,0.028315310187820148
B66,2020,5423,3935,0.0008726941399328058,0.043149548220542136
B67,1980,1762,1504,0.0012922576630364038,0.03859250851305335
B67,1990,2905,2306,0.0009518872144590165,0.0351118760757315
B67,2000,2543,2033,0.0009233244815210633,0.033818324813212744
B67,2010,3276,2645,0.0006988331164155331,0.03021978021978022
B67,2020,2643,2093,0.0010279940487719543,0.04237608777903897
B81,2000,2885,2153,0.0014538835607591982,0.056152512998266894
B81,2010,4451,3020,0.0018893666328797225,0.07099528195911031
B81,2020,2186,1567,0.002423724457978872,0.0768526989935956
B82,2000,569,473,0.0030856094464744074,0.06678383128295255
B82,2010,1682,1187,0.003716344705993797,0.10463733650416171
C01,1980,6403,5008,0.0005398502171145227,0.025769170701233798
C01,1990,6874,5181,0.00048137771291874206,0.024730869944719232
C01,2000,7933,5610,0.0005501292027397803,0.030253371990419765
C01,2010,14277,8298,0.0014776380686145833,0.06352875253904881
C01,2020,9303,5151,0.002619133180671984,0.08921853165645491
C02,1980,3809,3137,0.0006843583418553604,0.028353898661065895
C02,1990,5956,4587,0.0005647526679869989,0.026024177300201477
C02,2000,6255,4562,0.0005980571258420916,0.031015187849720224
C02,2010,8900,5844,0.0009474813786138109,0.045730337078651685
C02,2020,6754,4039,0.0024782252112370874,0.08469055374592833
C03,1980,3902,3198,0.0006699241619577143,0.027934392619169655
C03,1990,5249,4023,0.0005434451022268763,0.023242522385216232
C03,2000,6052,4395,0.0005588272425495889,0.026768010575016522
C03,2010,6823,4652,0.0010367249998383583,0.04792613219991206
C03,2020,4570,3073,0.001627204343808206,0.06520787746170678
C04,1980,5723,4269,0.0006317946819026895,0.027782631486982352
C04,1990,9499,6358,0.0004985315412825795,0.023581429624170966
C04,2000,7950,5340,0.0006462719038012738,0.03245283018867925
C04,2010,8563,5935,0.0006235938538207905,0.034100198528553075
C04,2020,5354,3399,0.0022498269337062234,0.08199477026522227
C05,1980,626,574,0.0026590043789361936,0.04792332268370607
C05,1990,855,760,0.0019438459697000805,0.0456140350877193
C05,2000,770,676,0.0018721538202057676,0.03636363636363636
C05,2010,1575,1309,0.0011888133030990176,0.03746031746031746
C05,2020,1203,956,0.0018953724030184962,0.05569409808811305
C06,1980,787,709,0.002048859403683427,0.03939008894536213
C06,1990,974,860,0.0016886692611597625,0.04004106776180698
C06,2000,785,706,0.0019651912856505326,0.04331210191082802
C06,2010,875,772,0.001866448979591837,0.046857142857142854
C07,1980,35323,20813,0.0003166373831072676,0.01984542649265351
C07,1990,64815,33324,0.0002801731539470373,0.020396513152819564
C07,2000,83730,40679,0.00036409706636253783,0.027266212826943748
C07,2010,113146,50009,0.0007382848942242439,0.043607374542626344
C07,2020,60655,28617,0.001412942100939256,0.06236913692193554
C08,1980,22830,13889,0.0004767109694404683,0.025799386771791503
C08,1990,34159,18648,0.0003683041388870399,0.02210252056559033
C08,2000,35277,19060,0.0004516271804643804,0.029225841199648495
C08,2010,47270,22761,0.0009273804786845137,0.04829701713560398
C08,2020,30654,14817,0.0016262365663736388,0.06664709336465062
C09,1980,11252,7889,0.0004649329474183462,0.024440099537859937
C09,1990,16912,10568,0.0003996912841273521,0.022114474929044465
C09,2000,20845,12179,0.0004711447461333382,0.028256176541136963
C09,2010,35023,17241,0.001110379348455764,0.0531936156240185
C09,2020,23205,11511,0.0018955172276591333,0.07515621633268692
C10,1980,7853,5816,0.0007543261706102282,0.034509104800713106
C10,1990,7966,5880,0.0005033947629168881,0.025483304042179262
C10,2000,7473,5463,0.00046014261896375327,0.023952897096213035
C10,2010,12471,8285,0.0005466937163194633,0.03271590089006495
C10,2020,7288,5054,0.0009266695263766079,0.04665203073545554
C11,1980,3250,2722,0.0006513609467455621,0.024615384615384615
C11,1990,5306,4250,0.0004675772607133234,0.02186204297022239
C11,2000,6834,5251,0.0003778727255800394,0.020046824700029265
C11,2010,6962,5294,0.00043367528622775207,0.022838264866417695
C11,2020,3300,2662,0.0007120293847566583,0.029696969696969697
C12,1980,7439,5516,0.0004100022477931863,0.020164000537706683
C12,1990,23100,14447,0.0002901707239369579,0.019090909090909092
C12,2000,36467,20870,0.00040367875587670615,0.028272136452134805
C12,2010,59127,29804,0.0007709059950632538,0.045275424087134475
C12,2020,39870,20537,0.0012750984215127569,0.05914221218961625
C21,1980,3740,2899,0.0006916125711344328,0.026203208556149733
C21,1990,3167,2500,0.0007676057033133662,0.03031259867382381
C21,2000,2569,2046,0.0007919983769109216,0.026858699883223043
C21,2010,3607,2561,0.0010765962035591545,0.042140282783476576
C21,2020,3109,1891,0.0030092445789473344,0.0919909938887102
C22,1980,6271,4720,0.0004954807754094856,0.02264391644075905
C22,1990,7182,4994,0.0005417485667819103,0.02478418267891952
C22,2000,6752,4678,0.0005880739566721325,0.026214454976303318
C22,2010,9538,5685,0.001078424600480114,0.046760327112602224
C22,2020,6421,3641,0.002156988531513351,0.07724653480766236
C23,1980,5672,4335,0.0005754767934336091,0.027150916784203102
C23,1990,10471,6823,0.000509650325918916,0.024830484194441792
C23,2000,13394,8042,0.0007688661505782558,0.03994325817530237
C23,2010,17553,9265,0.0015742054755905263,0.06471828177519512
C23,2020,10251,5535,0.0025981842676914032,0.08633304067895815
C25,1980,4574,3651,0.0005427915315343902,0.024486226497595104
C25,1990,3765,3051,0.0005858813528533041,0.024169986719787515
C25,2000,4281,3262,0.000654609348489365,0.031067507591684185
C25,2010,7098,4689,0.0009938945175306452,0.047337278106508875
C25,2020,4725,3137,0.0017112622826908539,0.0656084656084656
C30,1980,1633,1402,0.0009821167747720127,0.026331904470300063
C30,1990,2584,1970,0.0009309492087530796,0.029411764705882353
C30,2000,3693,2573,0.001214012150680047,0.04819929596533983
C30,2010,3731,2495,0.0016260354167539173,0.0627177700348432
C30,2020,1947,1336,0.002807052531530873,0.08525937339496661
C40,2000,800,722,0.0017843750000000008,0.04
C40,2010,622,527,0.003148230477352385,0.07234726688102894
D01,1980,3048,2445,0.0007823210090864624,0.030183727034120734
D01,1990,4002,3111,0.0006334913502768856,0.026486756621689155
D01,2000,3165,2480,0.0007216569459106686,0.027172195892575038
D01,2010,3205,2321,0.0014671887967562386,0.059282371294851796
D01,2020,2169,1552,0.00215811847269065,0.07238358690640849
D02,1980,922,814,0.001999802372471428,0.044468546637744036
D02,1990,979,867,0.001795624352464051,0.0449438202247191
D02,2000,943,835,0.001683442995156587,0.03923647932131495
D02,2010,766,658,0.002314420304180954,0.05483028720626632
D02,2020,538,457,0.0031163195644062416,0.06319702602230483
D03,1980,1081,958,0.0013375424988511504,0.032377428307123035
D03,1990,1125,986,0.0012159999999999988,0.024
D03,2000,867,798,0.0014274520446620877,0.025374855824682813
D03,2010,825,732,0.0018027548209366398,0.044848484848484846
D03,2020,709,622,0.002066917190027071,0.045133991537376586
D04,1980,1934,1642,0.0009608711042478311,0.02843846949327818
D04,1990,2499,2089,0.0008510807284098116,0.028011204481792718
D04,2000,2406,2007,0.000926611152915716,0.03200332502078138
D04,2010,2476,2004,0.0008553845511416872,0.03150242326332795
D04,2020,1706,1424,0.0011427841051993583,0.038100820633059786
D05,1980,1678,1394,0.0011911848062495676,0.035160905840286055
D05,1990,1510,1237,0.0011753870444278754,0.031788079470198675
D05,2000,1103,909,0.0014902076180597053,0.033544877606527655
D05,2010,803,673,0.001980431414573928,0.04234122042341221
D05,2020,520,454,0.0026035502958579896,0.038461538461538464
D06,1980,4631,3667,0.0007506704813043223,0.03217447635499892
D06,1990,5422,4052,0.0007260337102241079,0.03725562523054224
D06,2000,5314,3899,0.0008465010087611997,0.04309371471584494
D06,2010,6493,4195,0.0035372477211238797,0.10056984444786693
D06,2020,4516,2552,0.006854577092687271,0.1479185119574845
D21,1980,3418,2844,0.0006291340957810869,0.02545348156816852
D21,1990,5165,4144,0.0004368895190560491,0.020716360116166507
D21,2000,4837,3915,0.0003889886589781606,0.015298738887740335
D21,2010,4682,3721,0.00048446420904329547,0.02285348141819735
D21,2020,2327,1928,0.0010066613985151053,0.04254404813064031
E01,1980,2571,2118,0.0011992361318182423,0.043951769739401014
E01,1990,3581,2829,0.0010356717607535064,0.039374476403239315
E01,2000,3757,2940,0.0008302486232956088,0.03619909502262444
E01,2010,5118,3816,0.0007026820418353506,0.03458382180539273
E01,2020,3305,2412,0.0013416613071928372,0.055370650529500756
E02,1980,3858,3088,0.0010056325635756235,0.0383618455158113
E02,1990,4486,3401,0.0009589451424543853,0.041462327240303166
E02,2000,4632,3487,0.0007257838390888943,0.03346286701208981
E02,2010,7481,5168,0.0006242968753475919,0.03261596043309718
E02,2020,5850,3712,0.00151689677843524,0.06307692307692307
E03,1980,1530,1294,0.001544705027980691,0.04771241830065359
E03,1990,2613,2095,0.001013654679881525,0.03865288939915806
E03,2000,3023,2338,0.0010214991931414787,0.0387032748924909
E03,2010,4313,3078,0.0009621024527027218,0.040111291444470204
E03,2020,3170,2312,0.0014182646856869905,0.05457413249211356
E04,1980,7388,5427,0.0009138086344967729,0.038576069301570114
E04,1990,10069,6892,0.0007755899330866883,0.036448505313337966
E04,2000,10003,6789,0.0007000299190458798,0.036189143257022896
E04,2010,15815,10099,0.0005250680963867615,0.03161555485298767
E04,2020,9472,6272,0.0007746649798552779,0.03895692567567568
E05,1980,4446,3483,0.0009301400380312232,0.03666216824111561
E05,1990,6103,4519,0.0007777620776162467,0.03539242995248239
E05,2000,7338,5259,0.0007151473740675395,0.038975197601526304
E05,2010,10138,6751,0.0007333790728779298,0.04063917932531071
E05,2020,7044,4932,0.0008159146321604339,0.03989210675752414
E06,1980,2478,2042,0.0010028525438711333,0.037933817594834544
E06,1990,3260,2559,0.001070608604012196,0.03803680981595092
E06,2000,3255,2518,0.0009590350187941995,0.0380952380952381
E06,2010,4447,3356,0.0006993898454419742,0.03035754441196312
E06,2020,2807,2174,0.0009426025246822402,0.034200213751335945
E21,1980,8191,5706,0.0013006375483416727,0.0460261262361128
E21,1990,7658,5458,0.0008295341438013319,0.037607730477931575
E21,2000,9945,6729,0.0005898404017470644,0.03227752639517346
E21,2010,20841,12484,0.0005180716211275189,0.03200422244613982
E21,2020,17668,9794,0.0015385915317098935,0.06961738736699118
F01,1980,6728,4930,0.0006526755278312296,0.029726516052318668
F01,1990,9773,6676,0.0005008924105905583,0.025171390565844675
F01,2000,15026,9870,0.00035185473534502133,0.02023159856249168
F01,2010,27042,16306,0.00037276257466047785,0.026144515938170253
F01,2020,17751,11617,0.00046876527153848896,0.030139147090304772
F02,1980,11997,7711,0.0005290353179275896,0.026506626656664166
F02,1990,15010,9378,0.00041428299410430807,0.022051965356429046
F02,2000,21661,13136,0.0003329270230781285,0.01842020220673099
F02,2010,30313,17617,0.00035237867369089125,0.023026424306403195
F02,2020,17643,11175,0.0004541604564515462,0.02731961684520773
F03,1980,1470,1256,0.0016159933361099494,0.04829931972789116
F03,1990,853,762,0.0017770533349642484,0.03751465416178194
F03,2000,1846,1600,0.0009531310707817189,0.030335861321776816
F03,2010,7787,5528,0.000620491960988611,0.03171953255425709
F03,2020,5585,3937,0.001144035092078236,0.051924798567591766
F04,1980,5503,4147,0.0006193241893498763,0.027439578411775394
F04,1990,8106,5699,0.0004783643615750326,0.022699235134468296
F04,2000,11588,7369,0.0006379720537439549,0.03624439074905074
F04,2010,18267,10848,0.0006911194165315241,0.03793726391854163
F04,2020,13237,7855,0.0012202444599224188,0.05484626425927325
F15,1980,1778,1568,0.0009458182181670491,0.028683914510686165
F15,1990,2024,1720,0.0008807355215672786,0.0291501976284585
F15,2000,3043,2528,0.0006070293370874619,0.021360499507065395
F15,2010,3958,3152,0.0005683731735011455,0.02450732693279434
F15,2020,2383,1979,0.0008517811065194798,0.03189257238774654
F16,1980,27866,16730,0.0005367707776265646,0.029605971434723318
F16,1990,37073,20374,0.0004305775933475105,0.025355379926091767
F16,2000,43722,23182,0.00036057920593525234,0.023832395590320663
F16,2010,64184,31419,0.000431696306901778,0.029617973326685778
F16,2020,40230,21089,0.0006209189034787481,0.03656475267213522
F17,1980,885,813,0.0017044910466341092,0.03728813559322034
F17,1990,1083,970,0.0016378361464725144,0.04155124653739612
F17,2000,1520,1343,0.0010102146814404426,0.026973684210526316
F17,2010,2891,2298,0.0011099703381754291,0.046696644759598754
F17,2020,2033,1598,0.0015162993102737444,0.05410723069355632
F21,1980,2169,1839,0.0011144504237483592,0.03734439834024896
F21,1990,3661,2811,0.0008713772169514414,0.03824091778202677
F21,2000,6015,4099,0.0011747577578635842,0.054696591853699086
F21,2010,16740,8634,0.001895195191337327,0.07192353643966547
F21,2020,10759,5851,0.002469978229480663,0.07928246119527838
F22,1980,1031,919,0.001893766563401668,0.04364694471387003
F22,1990,660,615,0.002052341597796145,0.04242424242424243
F22,2000,560,512,0.0022895408163265303,0.04107142857142857
F22,2010,1048,927,0.001454970572810443,0.039122137404580155
F22,2020,568,461,0.004116246776433255,0.09683098591549295
F23,1980,4632,3598,0.0007662398095698319,0.03238341968911917
F23,1990,5240,4030,0.0006865858632946792,0.030725190839694657
F23,2000,5421,4200,0.0006122044597517675,0.02877697841726619
F23,2010,6460,4824,0.0005483614335419684,0.02956656346749226
F23,2020,3552,2789,0.0007317283499715928,0.030123873873873875
F24,1980,5630,4258,0.0009522066826724385,0.04191829484902309
F24,1990,5206,3860,0.0007950576841137084,0.0374567806377257
F24,2000,5765,4048,0.0009605170417832281,0.04891587163920208
F24,2010,12476,7646,0.0011821478900277248,0.05498557229881372
F24,2020,11617,6640,0.0019444526303194984,0.07256606697081863
F25,1980,3582,2853,0.0009246555377545342,0.03350083752093802
F25,1990,5058,3680,0.0008274908647666493,0.03894820086990906
F25,2000,6076,4245,0.0011259616505609658,0.053982883475971036
F25,2010,10063,5999,0.0024739994143425275,0.08407035675245951
F25,2020,8169,4711,0.0027036426790214146,0.09046394907577426
F26,1980,1287,1155,0.0012660222450432243,0.03651903651903652
F26,1990,1866,1592,0.0010505589387114602,0.03215434083601286
F26,2000,1418,1263,0.0009737785991513521,0.0232722143864598
F26,2010,1808,1432,0.001601779700837967,0.05641592920353982
F26,2020,871,738,0.001967992766011855,0.04707233065442021
F27,1980,2313,2008,0.0008443039576491009,0.029399048854301772
F27,1990,2031,1749,0.0008705536852348413,0.02708025603151157
F27,2000,1598,1403,0.0009523794605584876,0.026282853566958697
F27,2010,2062,1676,0.001021203976439399,0.03346265761396702
F27,2020,943,768,0.0023514223800082997,0.06468716861081654
F28,1980,3709,3051,0.0007550513092511187,0.02965758964680507
F28,1990,3811,3003,0.0006829517036302198,0.027289425347677775
F28,2000,5007,3696,0.0007015143847544933,0.03255442380667066
F28,2010,7258,4974,0.0008829777516334716,0.04367594378616699
F28,2020,4961,3393,0.0014263645062814257,0.056641806087482365
F41,1980,3629,2875,0.001142703889954175,0.041884816753926704
F41,1990,5169,3853,0.0011286161706088888,0.04681756626039853
F41,2000,5105,3792,0.0009313908413042073,0.0405484818805093
F41,2010,9442,6372,0.0007338530457032614,0.03749205676763397
F41,2020,5216,3798,0.0006827740976325795,0.030099693251533742
F42,1980,2514,2095,0.0011252815577238433,0.03739061256961018
F42,1990,2868,2374,0.001001285769584643,0.03695955369595537
F42,2000,2933,2367,0.0010042442367551993,0.03886805318786226
F42,2010,4133,3212,0.0007686008099082005,0.03629324945560126
F42,2020,2010,1642,0.0009821539070815073,0.03233830845771144
G01,1980,49302,26552,0.0005469029490147431,0.030769542817735588
G01,1990,78163,37538,0.0003657405051079283,0.025472410219669152
G01,2000,116262,50967,0.00037189323079817407,0.02810892639039411
G01,2010,188938,73195,0.0006498202931183426,0.03992314939292255
G01,2020,136066,53870,0.0012168690239295486,0.0561712698249379
G02,1980,11118,7424,0.0005124345841358175,0.02743299154524195
G02,1990,24317,13063,0.0005057274836115723,0.026565777028416334
G02,2000,44053,19251,0.001066212391742925,0.050893242230949085
G02,2010,63329,22369,0.0027968754319102965,0.09156942317105907
G02,2020,42415,15723,0.0034381457508355627,0.10055404927502062
G03,1980,16744,9551,0.0005480066994639377,0.028786430960344004
G03,1990,27115,12542,0.0006039458288331408,0.02718052738336714
G03,2000,31835,14058,0.0007434349936674074,0.03376786555677713
G03,2010,37989,14353,0.0013978361647476129,0.05709547500592277
G03,2020,18055,7434,0.002298239302491287,0.07698698421489893
G04,1980,1849,1522,0.0009251781545635451,0.02650081124932396
G04,1990,1517,1289,0.0010824368430040728,0.02900461437046803
G04,2000,1946,1620,0.0008566337357364147,0.023124357656731757
G04,2010,2931,2156,0.001429559034409177,0.05322415557830092
G04,2020,1860,1481,0.0014406289744479108,0.05268817204301075
G05,1980,7319,5216,0.000765180385269415,0.034704194562098646
G05,1990,11855,7642,0.0005264014546642162,0.02623365668494306
G05,2000,17548,10828,0.0004964143028007872,0.03031684522452701
G05,2010,32242,17482,0.0007562085501732278,0.04258420693505366
G05,2020,27685,14592,0.001111105421165751,0.05259165613147914
G06,1980,15906,9936,0.0006953494809795801,0.03319502074688797
G06,1990,61082,27586,0.0004627448505827452,0.028077011230804493
G06,2000,148626,57546,0.0004477180508623317,0.03090307214080982
G06,2010,359945,112895,0.0007203108883660404,0.04145077720207254
G06,2020,315287,99785,0.0010586869298385704,0.05234595780986847
G07,1980,3726,2960,0.0007966534217633036,0.03140096618357488
G07,1990,6985,5099,0.0005775542129596664,0.02705798138869005
G07,2000,11415,7772,0.0004342903584340181,0.024441524310118267
G07,2010,18497,11647,0.00044793781465591394,0.030437368221873817
G07,2020,11231,7385,0.0005825091347699083,0.030985664678123054
G08,1980,3250,2610,0.0008507455621301779,0.032615384615384616
G08,1990,5536,4112,0.0006891962018443648,0.03070809248554913
G08,2000,10232,6966,0.0005076517216526542,0.03019937451133698
G08,2010,23486,13561,0.0007628062961209841,0.04445201396576684
G08,2020,15852,9418,0.0009561141161344249,0.047564976028261416
G09,1980,5868,4280,0.0006400176758489078,0.028970688479890934
G09,1990,11019,6979,0.000609948935153226,0.03067428986296397
G09,2000,17977,9580,0.0010298678573635812,0.05151026311397897
G09,2010,33553,13118,0.00398345161399254,0.11086937084612404
G09,2020,23401,8088,0.006907772133385174,0.14379727362078543
G10,1980,3391,2644,0.0008888690995236847,0.03509289295193158
G10,1990,6028,4240,0.0006603226086271145,0.030690112806901128
G10,2000,9347,6297,0.0006102001971947823,0.03327270782069113
G10,2010,17917,10494,0.0010141428157518784,0.050733939833677515
G10,2020,15669,8667,0.0018752426430303267,0.07492501116854937
G11,1980,14309,8033,0.0006139513872700585,0.02872318121462017
G11,1990,28764,12603,0.0007634453255230793,0.03605200945626478
G11,2000,41049,16621,0.0012131491101157307,0.054349679651148626
G11,2010,39636,15539,0.0023339547007651547,0.08217277222726814
G11,2020,15888,6790,0.004237967636496767,0.11102719033232629
G16,1990,555,523,0.002119957795633472,0.03063063063063063
G16,2000,2553,2140,0.0007237094551251816,0.02506854680767724
G16,2010,12986,8685,0.0005212048307825914,0.03249653472970892
G16,2020,15717,10002,0.0006173770364557441,0.035248457084685374
G21,1980,4537,3714,0.0007117536612368347,0.02909411505400044
G21,1990,4656,3658,0.0005666486579043701,0.02534364261168385
G21,2000,3830,3026,0.000645038141919298,0.02741514360313316
G21,2010,5879,4096,0.0014125945988907504,0.05953393434257527
G21,2020,3045,2193,0.0020141231284428163,0.07257799671592775
H01,1980,43678,23661,0.0005071424619015618,0.027473785429735793
H01,1990,75767,33171,0.00047087951964848126,0.0301450499557855
H01,2000,126717,45493,0.0009212196871466273,0.04779153546880056
H01,2010,170084,53835,0.001660742265837034,0.06751369911337927
H01,2020,110307,35669,0.0026714447800460024,0.08700263809187087
H02,1980,13436,9164,0.0005568502406433254,0.028952069068175053
H02,1990,19608,11704,0.00048153623338944744,0.027080783353733172
H02,2000,31429,16699,0.0005516409262192691,0.03359954182442967
H02,2010,66205,28263,0.0011628082054512528,0.05502605543387962
H02,2020,47024,20736,0.0017586127463482552,0.06883718952024498
H03,1980,12560,8308,0.0005856221347722017,0.030493630573248408
H03,1990,20153,11608,0.0005267572863653191,0.029772242346052698
H03,2000,33611,16929,0.0008972360885397045,0.04730594150724465
H03,2010,44243,19896,0.0017736439391039475,0.07020319598580567
H03,2020,21213,10297,0.0024595116178772764,0.08508933201338802
H04,1980,23111,13581,0.0005470566885871717,0.029682835013629873
H04,1990,61639,28330,0.0004952981210573825,0.031895390905108775
H04,2000,141544,55345,0.0005314956504481284,0.03609478324761205
H04,2010,294672,93809,0.000939451370978172,0.04914616930010317
H04,2020,185487,66066,0.0011961827649412725,0.05653226371659469
H05,1980,10884,7568,0.0005938640497547152,0.030503491363469314
H05,1990,19043,11396,0.000513917751137726,0.029302105760646957
H05,2000,30121,14991,0.0008240801254798876,0.043126058231798416
H05,2010,50698,20458,0.0018897841425817566,0.0730206319775928
H05,2020,24714,11191,0.0026972840559249408,0.08780448328882415
H10,1980,7656,5124,0.0006390245553579249,0.028735632183908046
H10,1990,18743,9358,0.000903652023117139,0.042149068985754684
H10,2000,35432,14040,0.00223906355517915,0.08080266425829759
H10,2010,72313,21856,0.004311585038095744,0.11403205509382822
H10,2020,44563,12168,0.00714670826485235,0.1476785674214034
