year,n_matched,w_white,w_black,w_api,w_aian,w_2prace,w_hispanic,share_white,share_black,share_api,share_aian,share_2prace,share_hispanic
1887,1,0.9464,0.0098,0.005200000000000001,0.0039000000000000003,0.0143,0.020499999999999997,0.9464,0.0098,0.005200000000000001,0.0039000000000000003,0.0143,0.020499999999999997
1892,3,1.9436,0.7574,0.0135,0.0269,0.044,0.1951,0.6478666666666667,0.2524666666666667,0.0045,0.008966666666666666,0.014666666666666666,0.06503333333333333
1895,1,0.8704999999999999,0.054400000000000004,0.0106,0.012,0.0239,0.0286,0.8704999999999999,0.054400000000000004,0.0106,0.012,0.0239,0.0286
1896,4,3.2289,0.4534,0.0863,0.039400000000000004,0.07980000000000001,0.11220000000000001,0.807225,0.11335,0.021575,0.009850000000000001,0.019950000000000002,0.028050000000000002
1897,3,2.8064,0.012199999999999999,0.013600000000000001,0.0104,0.06470000000000001,0.07800000000000001,0.9354666666666667,0.004066666666666666,0.004533333333333334,0.0034666666666666665,0.021566666666666668,0.026000000000000006
1898,1,0.9220999999999999,0.0298,0.006600000000000001,0.0037,0.011899999999999999,0.0259,0.9220999999999999,0.0298,0.006600000000000001,0.0037,0.011899999999999999,0.0259
1899,5,3.3198,1.2845,0.0249,0.0272,0.08399999999999999,0.2402,0.66396,0.2569,0.00498,0.0054399999999999995,0.0168,0.04804
1900,3,2.1262,0.6293,0.0298,0.0567,0.060000000000000005,0.0981,0.7087333333333333,0.20976666666666666,0.009933333333333334,0.0189,0.02,0.0327
1901,4,3.2817,0.48690000000000005,0.007899999999999999,0.0371,0.0645,0.0737,0.820425,0.12172500000000001,0.0019749999999999998,0.009275,0.016125,0.018425
1902,4,3.425,0.36819999999999997,0.0133,0.0212,0.0682,0.09190000000000001,0.85625,0.09204999999999999,0.003325,0.0053,0.01705,0.022975000000000002
1904,3,2.3908,0.3576,0.0102,0.0091,0.029400000000000003,0.1834,0.7969333333333334,0.11919999999999999,0.0034000000000000002,0.0030333333333333336,0.009800000000000001,0.06113333333333334
1905,40,31.490000000000002,5.9943,0.23450000000000001,0.2109,0.7936,1.1562000000000001,0.78725,0.1498575,0.0058625000000000005,0.0052725,0.01984,0.028905000000000004
1906,22,17.4349,2.2903,1.0005000000000002,0.1126,0.5859,0.4786,0.7924954545454544,0.10410454545454545,0.045477272727272734,0.005118181818181819,0.02663181818181818,0.021754545454545457
1907,11,8.9098,1.3841999999999999,0.06420000000000001,0.0603,0.1815,0.3706,0.8099818181818182,0.12583636363636364,0.005836363636363637,0.0054818181818181815,0.0165,0.03369090909090909
1908,10,7.7941,0.7172000000000001,0.8829000000000001,0.0582,0.22830000000000003,0.2859,0.77941,0.07172,0.08829000000000001,0.0058200000000000005,0.022830000000000003,0.028589999999999997
1909,9,6.7178,1.7444,0.031,0.057999999999999996,0.1819,0.20579999999999998,0.7464222222222223,0.19382222222222223,0.0034444444444444444,0.006444444444444444,0.02021111111111111,0.022866666666666664
1910,9,5.969200000000001,0.9014,1.5170000000000001,0.0823,0.3147,0.1927,0.6632444444444445,0.10015555555555555,0.16855555555555557,0.009144444444444445,0.03496666666666667,0.021411111111111113
1911,6,4.9276,0.5747,0.1139,0.058800000000000005,0.11710000000000001,0.1928,0.8212666666666667,0.09578333333333333,0.018983333333333335,0.009800000000000001,0.01951666666666667,0.03213333333333333
1912,4,3.4091,0.35409999999999997,0.0163,0.0214,0.0931,0.0668,0.852275,0.08852499999999999,0.004075,0.00535,0.023275,0.0167
1913,12,9.7848,1.4993,0.1047,0.0603,0.21630000000000002,0.3145,0.8154,0.12494166666666667,0.008725,0.005025,0.018025000000000003,0.026208333333333333
1914,13,9.8156,2.2331,0.0665,0.0947,0.22010000000000002,0.531,0.7550461538461538,0.17177692307692308,0.005115384615384615,0.007284615384615385,0.016930769230769232,0.04084615384615385
1915,8,6.2689,0.7993000000000001,0.0543,0.024900000000000002,0.1167,0.6779,0.7836125,0.09991250000000002,0.0067875,0.0031125000000000002,0.0145875,0.0847375
1916,2,1.6533,0.24430000000000002,0.0112,0.009999999999999998,0.0365,0.044700000000000004,0.82665,0.12215000000000001,0.0056,0.004999999999999999,0.01825,0.022350000000000002
1917,5,3.8113,0.8843000000000001,0.0188,0.0284,0.0966,0.1457,0.76226,0.17686000000000002,0.0037600000000000003,0.00568,0.01932,0.02914
1918,2,1.6119,0.2415,0.0079,0.0073,0.0628,0.047,0.80595,0.12075,0.00395,0.00365,0.0314,0.0235
1919,5,3.2284,1.3539,0.18969999999999998,0.0238,0.079,0.0946,0.64568,0.27078,0.037939999999999995,0.00476,0.0158,0.01892
1921,6,3.5936,1.2585,0.7647000000000002,0.0305,0.1916,0.1471,0.5989333333333333,0.20975,0.12745000000000004,0.005083333333333333,0.031933333333333334,0.02451666666666667
1922,9,6.9246,0.6343000000000001,0.8660000000000001,0.0318,0.2246,0.2559,0.7694,0.07047777777777779,0.09622222222222224,0.0035333333333333336,0.024955555555555554,0.028433333333333335
1923,6,3.6426,1.0284,0.039099999999999996,0.0335,0.08380000000000001,1.1532,0.6071,0.1714,0.006516666666666666,0.005583333333333333,0.013966666666666669,0.1922
1924,5,3.8701000000000003,0.7462,0.0203,0.019799999999999998,0.0739,0.24,0.77402,0.14923999999999998,0.004059999999999999,0.00396,0.014779999999999998,0.048
1925,12,9.8768,1.3948,0.0853,0.0943,0.24280000000000002,0.2718,0.8230666666666666,0.11623333333333334,0.007108333333333334,0.007858333333333333,0.020233333333333336,0.02265
1926,17,11.894,4.0116,0.0659,0.11850000000000001,0.3755,0.5079,0.6996470588235294,0.23597647058823526,0.003876470588235294,0.006970588235294118,0.022088235294117648,0.029876470588235296
1927,14,10.3116,1.1606,1.4371,0.053,0.2411,0.6925,0.7365428571428572,0.0829,0.10265,0.0037857142857142855,0.01722142857142857,0.04946428571428572
1928,34,24.6848,4.2897,1.9411,0.2006,0.6567000000000001,2.0913,0.7260235294117647,0.12616764705882352,0.057091176470588235,0.0059,0.019314705882352942,0.06150882352941176
1929,40,29.4284,5.5048,2.0503,0.1887,0.7402,1.854,0.73571,0.13762000000000002,0.0512575,0.0047175,0.018505,0.04635
1930,33,26.234,3.2182,1.7152,0.1668,0.6487,0.8728,0.794969696969697,0.09752121212121212,0.05197575757575758,0.005054545454545455,0.01965757575757576,0.02644848484848485
1931,31,25.0883,2.6357,1.4308,0.128,0.4529,1.1371,0.8093,0.08502258064516129,0.046154838709677425,0.004129032258064516,0.014609677419354839,0.03668064516129032
1932,24,19.3369,3.001,0.1428,0.41819999999999996,0.4081,0.5935,0.8057041666666667,0.12504166666666666,0.00595,0.017425,0.017004166666666667,0.024729166666666667
1933,42,35.0749,4.3053,0.2319,0.2245,0.7235,1.2301,0.8351166666666666,0.10250714285714285,0.005521428571428571,0.005345238095238096,0.01722619047619048,0.029288095238095238
1934,31,24.8278,2.6786,1.5335,0.21810000000000002,0.5634,1.0070000000000001,0.8008967741935484,0.08640645161290322,0.049467741935483873,0.007035483870967743,0.018174193548387098,0.03248387096774194
1935,39,27.4438,5.2503,4.0135000000000005,0.1997,0.9144,1.0089000000000001,0.7036871794871795,0.13462307692307693,0.10291025641025642,0.00512051282051282,0.023446153846153846,0.025869230769230773
1936,18,13.863,2.8101000000000003,0.0861,0.0805,0.2861,0.7769,0.7701666666666667,0.15611666666666668,0.004783333333333333,0.004472222222222222,0.015894444444444447,0.043161111111111115
1937,7,5.0446,0.7171000000000001,0.776,0.0707,0.2102,0.1699,0.7206571428571429,0.10244285714285715,0.11085714285714286,0.0101,0.03002857142857143,0.024271428571428572
1938,5,4.1433,0.4867,0.058300000000000005,0.0189,0.0672,0.1744,0.82866,0.09734000000000001,0.01166,0.00378,0.013439999999999999,0.03488
1939,6,4.2707,0.45080000000000003,0.9490999999999999,0.018999999999999996,0.1867,0.11330000000000001,0.7117833333333333,0.07513333333333334,0.15818333333333331,0.003166666666666666,0.031116666666666667,0.018883333333333335
1940,5,2.4652000000000003,1.4151,0.7596000000000002,0.018799999999999997,0.1703,0.1565,0.49304000000000003,0.28302,0.15192000000000003,0.0037599999999999995,0.03406,0.0313
1941,8,5.1281,1.5372,0.7632000000000001,0.0358,0.18280000000000002,0.2696,0.6410125,0.19215,0.09540000000000001,0.004475,0.022850000000000002,0.0337
1942,10,7.0371999999999995,1.4678,0.0562,0.0292,0.2089,1.0184000000000002,0.7037199999999999,0.14678,0.00562,0.00292,0.02089,0.10184000000000001
1943,3,2.6392,0.1195,0.1046,0.0189,0.0412,0.0698,0.8797333333333334,0.03983333333333333,0.034866666666666664,0.0063,0.013733333333333334,0.023266666666666668
1944,6,4.3292,0.4756,0.0309,0.020999999999999998,0.0729,1.0625,0.7215333333333334,0.07926666666666667,0.00515,0.0034999999999999996,0.012150000000000001,0.17708333333333334
1945,19,15.9095,1.8919000000000001,0.1363,0.0609,0.2959,0.6367,0.8373421052631579,0.09957368421052633,0.007173684210526316,0.003205263157894737,0.015573684210526316,0.03351052631578948
1946,74,57.9257,9.4674,1.6744999999999999,0.4886,1.2463,2.9923,0.7827797297297298,0.12793783783783783,0.02262837837837838,0.006602702702702703,0.01684189189189189,0.04043648648648649
1947,177,133.2058,23.3381,8.8863,0.9429000000000001,3.4601,6.529,0.7525751412429379,0.13185367231638417,0.05020508474576271,0.005327118644067797,0.01954858757062147,0.036887005649717516
1948,160,119.8746,22.2192,6.006200000000001,1.1095,3.2008,7.0333000000000006,0.74921625,0.13887,0.03753875,0.006934375,0.020005000000000002,0.043958125
1949,156,120.8206,19.4388,5.900500000000001,0.9815,2.9928,5.1306,0.7744910256410257,0.12460769230769231,0.03782371794871796,0.006291666666666667,0.019184615384615383,0.03288846153846154
1950,125,96.6995,15.2118,4.8787,0.655,2.3808000000000002,4.6348,0.773596,0.12169440000000001,0.039029600000000005,0.00524,0.0190464,0.037078400000000004
1951,111,84.9999,13.886600000000001,2.7538,1.2761,2.0342000000000002,5.4084,0.7657648648648648,0.12510450450450453,0.02480900900900901,0.011496396396396397,0.01832612612612613,0.048724324324324324
1952,131,102.43730000000001,15.1083,4.6545000000000005,0.6316,2.4112,5.0706,0.7819641221374046,0.11533053435114504,0.03553053435114504,0.004821374045801527,0.01840610687022901,0.03870687022900763
1953,99,79.9806,10.8368,2.5940000000000003,0.5016,1.9818,2.7286,0.8078848484848484,0.10946262626262626,0.026202020202020206,0.005066666666666667,0.020018181818181817,0.027561616161616162
1954,110,86.28450000000001,13.6381,2.8753,0.583,1.8913,4.2467,0.7844045454545455,0.12398272727272727,0.02613909090909091,0.0053,0.017193636363636362,0.03860636363636363
1955,90,70.8848,10.4764,2.6452,0.4603,1.5767,3.4331,0.7876088888888889,0.11640444444444445,0.02939111111111111,0.005114444444444444,0.01751888888888889,0.03814555555555556
1956,29,22.0093,4.2363,0.8846000000000002,0.24050000000000002,0.5736,0.9052,0.7589413793103448,0.14607931034482757,0.030503448275862075,0.008293103448275862,0.019779310344827584,0.031213793103448274
1957,17,12.7214,2.7271,0.22820000000000001,0.10550000000000001,0.1933,0.8553,0.7483176470588235,0.16041764705882353,0.013423529411764707,0.006205882352941177,0.011370588235294118,0.05031176470588235
1958,14,11.6533,1.3895,0.1633,0.0558,0.3059,0.3415,0.8323785714285714,0.09924999999999999,0.011664285714285714,0.003985714285714286,0.02185,0.024392857142857143
1959,21,15.6234,3.2778,0.8253,0.1474,0.4377,0.5935,0.7439714285714286,0.1560857142857143,0.0393,0.007019047619047619,0.020842857142857142,0.028261904761904762
1960,21,14.222,4.7443,0.8568000000000001,0.1369,0.4339,0.4449,0.6772380952380952,0.22591904761904763,0.0408,0.006519047619047619,0.020661904761904763,0.021185714285714287
1961,31,21.4935,2.8577,3.4028000000000005,0.1983,0.8139000000000001,1.965,0.6933387096774194,0.09218387096774193,0.10976774193548389,0.006396774193548387,0.02625483870967742,0.06338709677419355
1962,26,18.0585,3.9012000000000002,1.3729,0.1639,0.55,1.7295999999999998,0.6945576923076923,0.15004615384615386,0.05280384615384615,0.006303846153846154,0.021153846153846155,0.06652307692307692
1963,43,31.1016,5.7631,3.2367000000000004,0.2377,1.0638,1.4485000000000001,0.723293023255814,0.13402558139534884,0.07527209302325583,0.0055279069767441855,0.024739534883720934,0.03368604651162791
1964,60,43.5722,7.6722,3.9341,0.5187,1.2222,2.8399,0.7262033333333334,0.12787,0.06556833333333333,0.008645000000000002,0.02037,0.04733166666666667
1965,47,33.9683,6.5826,2.6476,0.8402,0.897,1.8223,0.7227297872340426,0.14005531914893618,0.056331914893617024,0.01787659574468085,0.019085106382978723,0.03877234042553192
1966,73,54.7488,10.741,2.5491,0.3522,1.5189000000000001,2.7595,0.7499835616438356,0.14713698630136987,0.03491917808219178,0.004824657534246575,0.020806849315068494,0.0378013698630137
1967,75,54.4478,10.8177,3.5489,0.3909,1.463,3.9687,0.7259706666666667,0.144236,0.04731866666666667,0.0052120000000000005,0.01950666666666667,0.052916000000000005
1968,85,65.1349,9.8294,2.8096,0.5186000000000001,1.5578,4.8253,0.7662929411764706,0.11563999999999999,0.033054117647058824,0.006101176470588236,0.01832705882352941,0.056768235294117654
1969,77,57.7179,9.924800000000001,3.2639,0.4682,1.5458,3.6647000000000003,0.7495831168831169,0.1288935064935065,0.04238831168831169,0.0060805194805194805,0.020075324675324677,0.0475935064935065
1970,81,62.1025,10.0961,3.5366000000000004,0.3703,1.6626,2.8276,0.7666975308641976,0.1246432098765432,0.04366172839506173,0.004571604938271605,0.020525925925925927,0.034908641975308644
1971,91,73.9544,9.4568,2.1704,0.4086,1.4229,3.0003,0.8126857142857143,0.10392087912087912,0.02385054945054945,0.00449010989010989,0.01563626373626374,0.03297032967032967
1972,127,98.1788,14.5901,5.006,0.79,2.4293,5.6308,0.7730614173228346,0.11488267716535433,0.03941732283464567,0.0062204724409448825,0.019128346456692914,0.044337007874015746
1973,134,100.9119,15.7127,4.9441,1.2657,2.3481,8.0106,0.753073880597015,0.11725895522388059,0.03689626865671641,0.009445522388059702,0.017523134328358208,0.05978059701492537
1974,119,93.4358,11.5721,5.146000000000001,0.8545,2.2201,5.3077000000000005,0.7851747899159663,0.09724453781512606,0.0432436974789916,0.007180672268907564,0.018656302521008403,0.04460252100840337
1975,285,221.9296,32.2068,11.2428,1.8042,5.3725000000000005,11.16,0.7787003508771929,0.11300631578947369,0.039448421052631584,0.006330526315789474,0.01885087719298246,0.03915789473684211
1976,506,396.7281,59.3123,12.093200000000001,2.957,8.9698,23.569300000000002,0.784047628458498,0.11721798418972332,0.023899604743083006,0.005843873517786561,0.01772687747035573,0.04657964426877471
1977,995,766.5348,118.4612,33.1531,8.8369,18.2823,46.0908,0.7703867336683418,0.11905648241206031,0.033319698492462316,0.008881306532663317,0.018374170854271357,0.04632241206030151
1978,1089,854.3025,130.5198,28.225900000000003,6.5258,19.3643,45.6974,0.7844834710743802,0.11985289256198348,0.025919100091827366,0.00599247015610652,0.017781726354453627,0.041962718089990816
1979,343,265.0808,44.3425,10.134300000000001,2.0106,6.526800000000001,13.4222,0.7728303206997085,0.1292784256559767,0.029546064139941694,0.005861807580174927,0.01902857142857143,0.039131778425655975
1980,233,164.5901,30.9826,16.186400000000003,2.2714,5.0985000000000005,12.523200000000001,0.7063952789699571,0.1329725321888412,0.06946952789699572,0.009748497854077253,0.02188197424892704,0.05374763948497854
1981,303,225.4969,47.1558,8.093100000000002,2.435,5.6883,12.53,0.7442141914191419,0.15562970297029702,0.026709900990099015,0.008036303630363036,0.018773267326732672,0.04135313531353135
1982,1432,1112.6601,170.3546,37.0078,8.6784,25.1604,72.8039,0.7769972765363129,0.1189627094972067,0.025843435754189948,0.006060335195530726,0.017570111731843575,0.05084071229050279
1983,1301,1012.6135,151.92260000000002,38.5511,8.492700000000001,22.4078,61.8577,0.7783347425057648,0.116773712528824,0.029631898539584933,0.006527824750192161,0.017223520368946966,0.047546272098385856
1984,2205,1710.2351,257.7848,75.5852,14.121500000000001,39.4179,99.1889,0.7756168253968254,0.11690920634920636,0.034279002267573695,0.0064043083900226765,0.017876598639455784,0.044983628117913836
1985,3164,2454.8032,368.0769,92.0552,19.3973,55.8912,159.93460000000002,0.7758543615676359,0.11633277496839445,0.029094563843236408,0.006130625790139065,0.01766472819216182,0.05054823008849558
1986,3198,2496.4812,356.851,106.878,19.5996,56.6409,148.3878,0.7806382739212008,0.11158567854909318,0.033420262664165104,0.0061287054409005625,0.017711350844277673,0.04640018761726079
1987,3504,2732.3541,401.8568,108.6342,22.2497,61.4091,163.2637,0.7797814212328767,0.1146851598173516,0.03100291095890411,0.0063498002283105025,0.01752542808219178,0.046593521689497715
1988,3785,2919.7299000000003,427.7631,136.1827,23.861900000000002,65.7748,197.1319,0.7713949537648613,0.1130153500660502,0.03597957727873184,0.0063043328929986795,0.017377754293262878,0.052082404227212685
1989,4517,3520.2577,498.8638,153.3511,26.9487,78.5247,220.4498,0.7793353331857428,0.11044139915873367,0.03394976754483064,0.005966061545273411,0.01738425946424618,0.048804471994686745
1990,7737,5988.0891,881.1181,267.1154,47.0252,135.6904,387.5656,0.7739549050019388,0.11388368876825643,0.03452441514799018,0.006077963034767998,0.017537857050536385,0.05009249062944294
1991,7511,5812.2334,832.9049,266.8655,44.8873,131.4065,395.0055,0.7738295033950207,0.11089134602582879,0.035529956064438824,0.005976208227932366,0.017495207029689788,0.052590267607508984
1992,6866,5313.4426,778.4906,235.4584,45.1312,121.25150000000001,346.308,0.7738774541217595,0.11338342557529857,0.03429338770754442,0.006573143023594524,0.01765969997087096,0.05043810078648412
1993,8652,6682.5768,980.3015,301.42490000000004,52.348,153.9394,448.6924,0.7723736477115117,0.11330345584835877,0.034838754045307445,0.0060503929727230695,0.017792348589921406,0.05185996301433195
1994,8496,6512.4854000000005,970.3834,319.29650000000004,52.9516,147.9425,457.77410000000003,0.7665354755178908,0.11421650188323917,0.037581979755178914,0.006232532956685499,0.017413194444444443,0.053881132297551794
1995,9685,7431.3442000000005,1064.0526,370.3857,59.8019,169.5371,551.9774,0.7673045121321632,0.10986604026845638,0.03824323180175529,0.006174692823954569,0.01750512132163139,0.05699302013422819
1996,10748,8163.8416,1230.1970000000001,445.0367,68.0575,192.0473,607.8884,0.7595684406401191,0.11445822478600672,0.04140646631931522,0.006332108299218459,0.01786818943059174,0.056558280610346116
1997,11163,8411.5113,1306.0157,468.22700000000003,70.2339,196.9513,667.1632,0.7535170921795217,0.11699504613455164,0.041944548956373735,0.006291668906208009,0.01764322314789931,0.05976558272865717
1998,12218,9227.5421,1380.6626,554.9924,76.1232,218.797,712.7722,0.7552416189229006,0.11300234080864299,0.0454241610738255,0.006230414143067605,0.017907759044033394,0.05833787853985922
1999,20994,15708.5022,2432.6734,974.8884,130.8313,375.7274,1293.3294,0.74823769648471,0.11587469753262837,0.04643652472134896,0.0062318424311708105,0.017896894350766884,0.061604715633038015
2000,21234,15697.6404,2512.839,1057.694,131.7835,378.7514,1375.4567,0.7392691155693699,0.11834035038146369,0.049811340303287176,0.006206249411321466,0.017837025525101254,0.06477614674578507
2001,16319,12007.318000000001,1987.3517,805.5044,105.2337,293.8965,1061.1825000000001,0.7357876095348981,0.12178146332495864,0.04935991175929898,0.006448538513389301,0.01800946749188063,0.0650274220234083
2002,19115,13995.359,2278.8273,986.9208,117.59440000000001,343.1993,1323.3383000000001,0.7321663091812712,0.1192167041590374,0.05163069840439445,0.006151943499869213,0.0179544493852995,0.06923035835731102
2003,21161,15468.0427,2544.7459,1076.6482,134.904,381.1801,1478.6132,0.7309693634516328,0.12025641037758139,0.05087889041160626,0.006375124048957989,0.018013331128018523,0.06987444827749162
2004,23616,17177.4415,2789.6288,1227.7971,146.3759,426.8215,1762.3833,0.7273645621612467,0.11812452574525745,0.051990053353658534,0.006198166497289973,0.018073403624661248,0.07462666412601626
2005,25686,18532.6332,3076.1628,1370.9416,156.2293,459.9242,1995.6934,0.7215071712216772,0.11976028965195049,0.0533731059721249,0.006082274390718679,0.01790563731215448,0.07769576422954139
2006,27170,19348.6596,3273.07,1592.8551,170.695,493.3188,2190.5359,0.7121332204637467,0.12046632315053368,0.05862550975340449,0.006282480677217519,0.018156746411483255,0.08062333087964667
2007,30760,21863.1681,3720.0714000000003,1755.6509,195.5976,554.0962000000001,2559.123,0.7107661931079323,0.1209386020806242,0.057075776983094934,0.006358829648894669,0.018013530559167754,0.08319645643693108
2008,29346,20893.1467,3518.6829000000002,1613.5352,185.5041,531.6334,2495.304,0.7119589279629251,0.11990332242895115,0.05498313909902542,0.006321273768145574,0.018116043072309688,0.08503046411776734
2009,28013,19844.6653,3356.4414,1589.8487,174.8137,509.2257,2433.5188,0.708409142183986,0.11981727769249992,0.05675396066112162,0.006240449077214151,0.01817819226787563,0.08687105272552029
2010,28196,19853.713,3378.9472,1687.0423,182.7314,513.2178,2475.4143,0.7041322528018159,0.11983782096751312,0.05983268194070081,0.006480756135622074,0.018201794580791603,0.08779310185841963
2011,31143,21843.355,3804.5831000000003,1783.413,197.2303,565.3407,2833.2138,0.7013889156471759,0.12216495199563306,0.05726529236104422,0.00633305397681662,0.01815305847220884,0.09097433773239572
2012,31309,21760.4683,3879.8979,1929.9035000000001,198.7562,569.0925,2856.9803,0.6950227825864768,0.12392276661662781,0.06164053467054202,0.006348212973905267,0.01817664249896196,0.09125108754671181
2013,30774,21129.8767,3854.9436,2034.5481,192.541,562.6144,2882.6316,0.6866145674920388,0.12526625073113667,0.06611256580230064,0.00625661272502762,0.018282134269188278,0.09367100799376098
2014,31876,21682.0619,4012.2290000000003,2154.6751,212.9007,582.0976,3111.3639000000003,0.6802002101894843,0.1258699021207178,0.06759552955201405,0.006679028108922073,0.018261312586271804,0.09760835424770989
2015,35598,24106.1876,4586.3433,2354.882,227.8792,650.503,3533.0566,0.6771781448395977,0.12883710601719198,0.06615208719590988,0.00640146075622226,0.01827358278554975,0.09924873869318501
2016,35836,23936.1944,4818.5355,2413.1092,238.357,665.5649,3634.0936,0.6679371135171336,0.1344607517580087,0.06733757115749525,0.006651328273244782,0.01857252204487108,0.10140901886371247
2017,41159,27198.2102,5668.8226,2797.0729,276.0697,765.0417,4307.206,0.6608083335358003,0.13772984280473288,0.067957746786851,0.006707395709322384,0.018587470541072425,0.10464797492650453
2018,43105,28203.799600000002,6053.9692000000005,2990.8935,284.8133,804.4979000000001,4610.5355,0.6543045957545529,0.14044702934694353,0.06938623129567335,0.006607430692495071,0.01866367938754205,0.1069605730193713
2019,45200,29261.1267,6634.8888,3055.339,303.2694,852.5809,4933.3846,0.6473700597345133,0.14678957522123892,0.06759599557522124,0.0067095,0.0188624092920354,0.10914567699115045
2020,65618,40687.947700000004,11161.365600000001,4232.12,449.3351,1279.9909,7597.2291000000005,0.620072963211314,0.17009609558352892,0.0644963272272852,0.006847741473376208,0.019506703953183577,0.11577965040080467
2021,59097,36474.2874,9983.0397,3712.4013,411.971,1153.1181,7172.3278,0.6171935529722321,0.16892633636225188,0.06281877760292401,0.006971098363707125,0.019512295040357376,0.1213653451105809
2022,44758,27820.721,6925.4268,3134.0788000000002,302.52320000000003,859.9362,5563.5727,0.6215809687653604,0.1547304794673578,0.07002276241118907,0.006759086643728496,0.019213016667411414,0.12430342508601813
2023,45418,28239.706000000002,6557.4136,3556.6277,298.2192,869.009,5736.8227,0.6217734378440266,0.14437918006076886,0.07830876965079925,0.006566101545642696,0.019133581399445154,0.12631165396979172
2024,46158,28624.8769,6440.6679,3807.0081,305.1475,882.8506,5930.1221000000005,0.6201498526799255,0.13953524632783051,0.08247775250227479,0.0066109341825902335,0.019126708262923002,0.12847441613588112
2025,66133,41688.8956,9263.1639,4899.1878,406.4306,1259.6753,8396.1809,0.6303796228811638,0.14006870851163564,0.07408083407678466,0.006145654968018993,0.01904760558268943,0.12695902045877247
2026,21777,13750.3136,3081.7988,1463.8763000000001,136.6138,407.38120000000004,2866.468,0.6314145015383202,0.14151622353859578,0.06722121045139368,0.006273306699729072,0.018706947697111634,0.13162823162051704
