nice_class,token,emergence_year,prior_doc_freq,n_early,surv_early,n_mid,surv_mid,n_late,surv_late,n_total,delta_late_minus_early
009,dvd,1996,4,204,0.5196078431372549,1401,0.6188436830835118,4233,0.5138199858256556,21093,-0.005787857311599365
009,deploy,1998,14,77,0.7922077922077922,91,0.7582417582417582,69,0.36231884057971014,803,-0.4298889516280821
009,e-commerce,1998,11,650,0.6984615384615385,2087,0.7115476760900814,1354,0.5716395864106352,15895,-0.1268219520509033
009,auctions,1999,23,170,0.788235294117647,64,0.53125,126,0.46825396825396826,1800,-0.3199813258636788
009,business-to-business,1999,19,238,0.7689075630252101,85,0.6823529411764706,53,0.2641509433962264,799,-0.5047566196289837
009,extranet,1999,23,187,0.7647058823529411,127,0.5118110236220472,120,0.36666666666666664,963,-0.3980392156862745
009,portal,1999,17,303,0.8118811881188119,246,0.6219512195121951,757,0.4953764861294584,14152,-0.31650470198935354
009,asp,2000,6,167,0.6167664670658682,293,0.5017064846416383,1110,0.5198198198198198,9496,-0.0969466472460484
009,commissioned,2000,14,74,0.8648648648648649,30,0.6,70,0.32857142857142857,635,-0.5362934362934364
009,e-business,2000,18,176,0.7045454545454546,37,0.24324324324324326,36,0.25,750,-0.4545454545454546
009,ecommerce,2000,18,102,0.8235294117647058,38,0.631578947368421,135,0.6074074074074074,1780,-0.21612200435729845
009,intent,2000,20,118,0.9830508474576272,167,1.0,597,0.981574539363484,3645,-0.0014763080941431195
009,marketplaces,2000,20,95,0.6842105263157895,37,0.5675675675675675,88,0.5454545454545454,3342,-0.13875598086124408
009,tattoo,2000,4,65,0.8923076923076924,11,0.5454545454545454,25,0.48,1199,-0.4123076923076924
009,wap,2000,7,93,0.7311827956989247,47,0.5319148936170213,320,0.60625,1474,-0.12493279569892479
009,bolsters,2004,15,280,0.6571428571428571,247,0.8825910931174089,533,0.3170731707317073,1351,-0.3400696864111498
009,wager,2004,3,376,0.5877659574468085,1093,0.5288197621225984,2438,0.36628383921246926,7033,-0.22148211823433922
009,assailants,2006,10,69,0.9130434782608695,21,0.5238095238095238,40,0.375,264,-0.5380434782608695
009,disables,2006,15,69,0.927536231884058,24,0.5416666666666666,41,0.4146341463414634,285,-0.5129020855425945
009,easy-to-understand,2006,8,592,0.6959459459459459,565,0.5610619469026549,983,0.41302136317395727,3679,-0.2829245827719887
009,face-protection,2006,6,75,0.8,58,0.15517241379310345,153,0.21568627450980393,753,-0.5843137254901961
009,radiation-measuring,2006,15,85,0.7647058823529411,46,0.391304347826087,65,0.16923076923076924,574,-0.5954751131221718
009,seismological,2006,6,67,0.8507462686567164,8,0.125,22,0.09090909090909091,131,-0.7598371777476255
009,self-rescue,2006,18,63,0.8571428571428571,17,0.11764705882352941,59,0.22033898305084745,330,-0.6368038740920097
009,handhelds,2007,13,120,0.9166666666666666,45,0.4888888888888889,94,0.43617021276595747,405,-0.48049645390070916
009,inference,2007,21,62,1.0,4,0.25,26,0.2692307692307692,214,-0.7307692307692308
009,singles,2007,23,102,0.9705882352941176,6,0.8333333333333334,21,0.42857142857142855,183,-0.5420168067226891
009,accommodates,2008,13,134,0.7089552238805971,308,0.6233766233766234,803,0.5554171855541719,2339,-0.1535380383264252
009,arcade-based,2009,22,244,0.6188524590163934,602,0.5299003322259136,1038,0.4884393063583815,2084,-0.1304131526580119
009,mammal,2009,1,91,0.26373626373626374,5,0.4,67,0.16417910447761194,261,-0.0995571592586518
009,non-active,2009,3,91,0.26373626373626374,3,0.0,64,0.109375,255,-0.15436126373626374
009,surgeries,2009,19,86,0.18604651162790697,19,0.15789473684210525,88,0.14772727272727273,388,-0.03831923890063424
009,cloud-based,2011,19,145,0.4,700,0.48,4237,0.39981118716072694,8943,-0.00018881283927307813
009,sharable,2011,8,109,0.5229357798165137,184,0.6521739130434783,224,0.5401785714285714,672,0.017242791612057662
009,cartomizers,2013,14,90,0.5111111111111111,54,0.6111111111111112,51,0.5686274509803921,222,0.05751633986928106
009,pachinkos,2013,3,140,0.4357142857142857,75,0.10666666666666667,85,0.29411764705882354,316,-0.14159663865546218
009,invader,2015,0,69,0.028985507246376812,7,0.14285714285714285,20,0.25,96,0.2210144927536232
009,iot,2015,9,206,0.4174757281553398,1636,0.456601466992665,3053,0.35866360956436294,4904,-0.05881211859097685
009,smartwatches,2015,14,1450,0.20551724137931035,5800,0.2246551724137931,10374,0.23780605359552728,17638,0.03228881221621693
035,internet,1995,8,291,0.9656357388316151,2106,0.8779677113010447,14291,0.5293541389685816,137256,-0.4362815998630335
035,web,1995,14,379,0.5171503957783641,3685,0.6271370420624152,9130,0.5531215772179627,88957,0.035971181439598654
035,hosting,1996,10,152,0.5394736842105263,2370,0.6894514767932489,1968,0.4065040650406504,37988,-0.13296961916987593
035,multiple-user,1996,20,124,0.4838709677419355,1162,0.693631669535284,614,0.41368078175895767,3937,-0.07019018598297783
035,multi-level,1997,22,72,0.6944444444444444,95,0.4421052631578947,244,0.5081967213114754,1553,-0.186247723132969
035,aggregation,1999,9,142,0.9154929577464789,52,0.6346153846153846,124,0.4435483870967742,1554,-0.4719445706497047
035,auctioned,1999,12,232,0.6982758620689655,184,0.42934782608695654,532,0.6071428571428571,2279,-0.09113300492610843
035,banner,1999,19,156,0.6794871794871795,266,0.18421052631578946,196,0.3469387755102041,2467,-0.33254840397697544
035,bids,1999,17,133,0.6541353383458647,32,0.40625,83,0.37349397590361444,646,-0.28064136244225024
035,buyer's,1999,19,101,0.7029702970297029,32,0.25,40,0.425,349,-0.27797029702970294
035,email,1999,23,351,0.7207977207977208,241,0.5394190871369294,864,0.45023148148148145,7109,-0.2705662393162393
035,evaluative,1999,12,113,0.7256637168141593,32,0.6875,120,0.48333333333333334,870,-0.24233038348082597
035,internet-based,1999,15,163,0.8282208588957055,145,0.4482758620689655,420,0.49523809523809526,4787,-0.33298276365761026
035,non-downloadable,1999,15,618,0.5776699029126213,735,0.38503401360544215,3125,0.40512,63993,-0.17254990291262134
035,non-magnetic,1999,5,74,0.7567567567567568,5,0.6,34,0.14705882352941177,262,-0.609697933227345
035,portal,1999,4,419,0.7971360381861575,178,0.550561797752809,600,0.465,12413,-0.3321360381861575
035,streaming,1999,13,232,0.7887931034482759,211,0.4834123222748815,771,0.5110246433203631,11724,-0.2777684601279128
035,talk,1999,20,86,0.7325581395348837,56,0.5535714285714286,86,0.5581395348837209,1056,-0.17441860465116277
035,vertical,1999,19,99,0.7676767676767676,39,0.28205128205128205,95,0.2736842105263158,858,-0.4939925571504518
035,web-based,1999,17,282,0.6737588652482269,274,0.4562043795620438,810,0.43333333333333335,11986,-0.24042553191489358
035,write,1999,20,65,0.9846153846153847,17,0.8235294117647058,32,0.5625,328,-0.42211538461538467
035,asp,2000,6,120,0.6,185,0.3837837837837838,824,0.46359223300970875,6149,-0.13640776699029122
035,commissioned,2000,18,72,0.8472222222222222,19,0.42105263157894735,80,0.3125,632,-0.5347222222222222
035,e-business,2000,18,197,0.6598984771573604,46,0.32608695652173914,49,0.3877551020408163,728,-0.2721433751165441
035,extranets,2000,23,106,0.5660377358490566,30,0.43333333333333335,102,0.3431372549019608,952,-0.2229004809470958
035,incubator,2000,18,92,0.45652173913043476,29,0.1724137931034483,104,0.19230769230769232,766,-0.2642140468227424
035,non-magnetically,2000,24,67,0.417910447761194,85,0.17647058823529413,89,0.47191011235955055,966,0.053999664598356534
035,portals,2000,8,103,0.7766990291262136,98,0.3979591836734694,368,0.25,5079,-0.5266990291262136
035,set-top,2000,21,104,0.5192307692307693,65,0.27692307692307694,83,0.5180722891566265,883,-0.0011584800741427648
035,transact,2000,22,76,0.631578947368421,16,0.5,90,0.4,837,-0.231578947368421
035,blogs,2005,3,182,0.4725274725274725,1165,0.4669527896995708,3205,0.36349453978159124,14797,-0.10903293274588127
035,easy-to-understand,2006,3,131,0.8625954198473282,80,0.575,217,0.3778801843317972,1013,-0.48471523551553103
035,infomediary,2006,22,102,0.46078431372549017,106,0.4339622641509434,171,0.3333333333333333,807,-0.12745098039215685
035,licence,2006,24,110,0.8363636363636363,99,0.6565656565656566,128,0.65625,664,-0.1801136363636363
035,non-custom,2006,8,207,0.5314009661835749,185,0.4918918918918919,146,0.4863013698630137,715,-0.04509959632056121
035,optional,2006,18,193,0.5854922279792746,181,0.49171270718232046,149,0.4697986577181208,694,-0.11569357026115379
035,selectively,2006,23,78,0.9487179487179487,20,0.75,23,0.43478260869565216,169,-0.5139353400222966
035,price-comparison,2007,1,247,0.6153846153846154,1159,0.4831751509922347,1237,0.47130153597413094,3699,-0.14408307941048448
035,community-driven,2008,22,156,0.6153846153846154,259,0.525096525096525,182,0.5769230769230769,808,-0.03846153846153855
035,socializing,2008,16,353,0.5835694050991501,504,0.501984126984127,767,0.4471968709256845,3040,-0.13637253417346562
035,user-submitted,2008,23,158,0.6329113924050633,204,0.5833333333333334,185,0.5459459459459459,769,-0.08696544645911741
035,virally,2008,1,214,0.5327102803738317,665,0.36541353383458647,1225,0.3551020408163265,4549,-0.1776082395575052
035,familiarization,2009,13,108,0.48148148148148145,42,0.47619047619047616,156,0.5128205128205128,554,0.03133903133903132
035,microblogs,2009,0,379,0.5197889182058048,145,0.5379310344827586,33,0.2727272727272727,567,-0.24706164547853204
035,non-core,2009,23,88,0.5113636363636364,112,0.48214285714285715,220,0.40454545454545454,745,-0.10681818181818181
035,saas,2009,23,194,0.37628865979381443,1069,0.3283442469597755,6602,0.32990003029385034,24183,-0.046388629499964085
035,vendor-on-premise,2009,7,70,0.42857142857142855,54,0.48148148148148145,113,0.48672566371681414,372,0.05815423514538559
035,in-company,2010,8,75,0.29333333333333333,65,0.3384615384615385,254,0.38188976377952755,799,0.08855643044619421
035,sharable,2010,1,770,0.43506493506493504,2134,0.4395501405810684,2893,0.4656066367092983,8631,0.03054170164436326
035,throughs,2010,21,136,0.4338235294117647,201,0.48258706467661694,297,0.43434343434343436,855,0.0005199049316696458
035,paas,2011,21,124,0.3467741935483871,658,0.3100303951367781,3437,0.34623217922606925,10065,-0.0005420143223178742
035,customer-based,2014,5,219,0.4246575342465753,740,0.44324324324324327,1870,0.4983957219251337,2834,0.07373818767855839
041,internet,1995,8,175,0.9714285714285714,1090,0.846788990825688,9666,0.5168632319470309,139078,-0.45456533948154054
041,web,1995,5,274,0.5766423357664233,1866,0.5819935691318328,5557,0.512686701457621,74328,-0.06395563430880236
041,multiple-user,1996,24,102,0.6176470588235294,554,0.644404332129964,475,0.4231578947368421,2839,-0.19448916408668732
041,website,1997,23,248,0.4798387096774194,2234,0.553715308863026,4817,0.4515258459622171,142402,-0.028312863715202252
041,dvd,1998,24,213,0.6901408450704225,662,0.5770392749244713,1987,0.5098137896326119,7490,-0.18032705543781058
041,e-commerce,1999,12,289,0.6816608996539792,167,0.4251497005988024,326,0.38650306748466257,4865,-0.2951578321693167
041,streaming,1999,15,314,0.7770700636942676,357,0.49299719887955185,1594,0.5282308657465495,21498,-0.24883919794771803
041,webcasting,1999,10,123,0.8130081300813008,64,0.390625,248,0.5766129032258065,2438,-0.2363952268554943
041,gramophone,2000,15,77,0.922077922077922,14,0.42857142857142855,38,0.4473684210526316,321,-0.47470950102529047
041,tattoo,2000,9,70,0.9,10,0.7,43,0.5116279069767442,1173,-0.3883720930232558
041,webcast,2000,3,89,0.6966292134831461,57,0.543859649122807,190,0.48947368421052634,1029,-0.20715552927261977
041,blogs,2005,11,618,0.4255663430420712,3693,0.39859193067966425,12074,0.3135663408977969,56159,-0.1120000021442743
041,podcasts,2006,18,512,0.443359375,1588,0.4332493702770781,4133,0.34430195983547063,43701,-0.09905741516452937
041,printable,2006,17,424,0.43160377358490565,614,0.3990228013029316,730,0.30684931506849317,5142,-0.12475445851641248
041,alphabet,2007,20,65,0.09230769230769231,48,0.5625,67,0.3880597014925373,334,0.295752009184845
041,alterations,2007,9,197,0.5177664974619289,238,0.46638655462184875,451,0.4035476718403548,1688,-0.11421882562157415
041,faces,2007,22,61,0.11475409836065574,15,0.4,30,0.1,208,-0.014754098360655735
041,get-togethers,2007,10,249,0.357429718875502,383,0.35509138381201044,872,0.3658256880733945,4040,0.008395969197892483
041,skim,2007,23,54,0.05555555555555555,7,0.2857142857142857,22,0.5454545454545454,131,0.48989898989898983
041,mma,2008,6,108,0.7407407407407407,212,0.42452830188679247,242,0.4834710743801653,929,-0.2572696663605754
041,model-making,2008,9,140,0.5428571428571428,145,0.4206896551724138,278,0.5,1160,-0.042857142857142816
041,trackings,2008,1,170,0.5764705882352941,162,0.5123456790123457,234,0.6367521367521367,695,0.06028154851684264
041,votes,2008,19,178,0.5561797752808989,206,0.5145631067961165,305,0.5836065573770491,906,0.027426782096150237
041,in-company,2010,12,286,0.3741258741258741,253,0.35968379446640314,1081,0.364477335800185,3249,-0.009648538325689127
041,saas,2010,23,137,0.45255474452554745,621,0.2834138486312399,3586,0.3220858895705521,11819,-0.13046885495499533
041,collarless,2013,23,69,0.028985507246376812,15,0.13333333333333333,20,0.15,129,0.12101449275362318
041,pachinkos,2013,2,135,0.43703703703703706,58,0.10344827586206896,82,0.2926829268292683,290,-0.14435411020776878
042,internet,1995,13,629,0.9713831478537361,3382,0.9053814311058546,15272,0.5956652697747512,121465,-0.37571787807898493
042,multi-user,1995,18,145,0.4413793103448276,311,0.6141479099678456,342,0.6198830409356725,1362,0.1785037305908449
042,pages,1995,14,428,0.4719626168224299,1540,0.5603896103896104,3052,0.5596330275229358,23070,0.08767041070050585
042,website,1996,15,253,0.4901185770750988,4472,0.6507155635062611,3101,0.4821025475653015,104503,-0.008016029509797296
042,websites,1996,8,201,0.44776119402985076,3406,0.6098062243100411,2945,0.4033955857385399,47219,-0.044365608291310865
042,co-location,1998,4,73,0.7534246575342466,105,0.5238095238095238,78,0.38461538461538464,2237,-0.36880927291886195
042,e-commerce,1998,4,650,0.7692307692307693,2079,0.6863876863876864,846,0.41962174940898345,16888,-0.3496090198217858
042,download,1999,23,141,0.6737588652482269,99,0.5959595959595959,452,0.4491150442477876,8817,-0.22464382100043934
042,ecommerce,1999,5,145,0.9103448275862069,59,0.7288135593220338,185,0.6216216216216216,2809,-0.28872320596458534
042,extranets,1999,22,195,0.7025641025641025,131,0.5801526717557252,139,0.3237410071942446,1264,-0.3788230953698579
042,portal,1999,21,796,0.8530150753768844,339,0.5988200589970502,723,0.43291839557399725,14774,-0.4200966798028871
042,streaming,1999,20,402,0.7587064676616916,257,0.5525291828793775,689,0.4934687953555878,15844,-0.2652376723061038
042,user-defined,1999,14,228,0.5789473684210527,304,0.3651315789473684,1976,0.5020242914979757,9823,-0.07692307692307698
042,webcasting,1999,4,124,0.8709677419354839,52,0.38461538461538464,92,0.4782608695652174,1417,-0.39270687237026647
042,webpages,1999,14,119,0.5546218487394958,23,0.4782608695652174,194,0.37628865979381443,2576,-0.1783331889456814
042,aggregating,2000,17,72,0.7916666666666666,48,0.375,306,0.42483660130718953,3993,-0.3668300653594771
042,caching,2000,10,71,0.8873239436619719,11,0.5454545454545454,32,0.28125,539,-0.6060739436619719
042,dsl,2000,22,71,0.676056338028169,29,0.6206896551724138,50,0.34,267,-0.336056338028169
042,intent,2000,23,97,0.9381443298969072,92,0.967391304347826,268,0.9664179104477612,2142,0.02827358055085394
042,nondownloadable,2000,22,156,0.5512820512820513,120,0.35833333333333334,568,0.31866197183098594,6450,-0.2326200794510654
042,unified,2000,23,88,0.6818181818181818,33,0.5454545454545454,113,0.3008849557522124,1434,-0.38093322606596935
042,web-enabled,2000,16,107,0.5700934579439252,18,0.4444444444444444,56,0.32142857142857145,306,-0.24866488651535373
042,easy-to-understand,2006,7,187,0.7433155080213903,165,0.40606060606060607,413,0.31476997578692495,1681,-0.4285455322344654
042,peers,2006,24,309,0.49838187702265374,1722,0.41927990708478513,3652,0.4238773274917853,9783,-0.07450454953086844
042,adware,2007,17,89,0.5955056179775281,122,0.319672131147541,324,0.3333333333333333,1183,-0.2621722846441948
042,malware,2007,21,97,0.5876288659793815,159,0.33962264150943394,634,0.31545741324921134,2356,-0.2721714527301701
042,podcasts,2007,22,143,0.46153846153846156,285,0.43508771929824563,813,0.33579335793357934,5472,-0.12574510360488222
042,quarantining,2007,9,93,0.6129032258064516,109,0.3394495412844037,311,0.33440514469453375,1058,-0.2784980811119179
042,trojans,2007,10,88,0.6136363636363636,104,0.34615384615384615,290,0.3586206896551724,1038,-0.25501567398119124
042,customer-defined,2008,12,101,0.6138613861386139,113,0.48672566371681414,161,0.484472049689441,536,-0.12938933644917283
042,environmentally-conscious,2008,22,156,0.46794871794871795,116,0.33620689655172414,180,0.3,881,-0.16794871794871796
042,paas,2010,9,396,0.29292929292929293,1897,0.34317343173431736,10595,0.37187352524775835,34296,0.07894423231846542
042,peer-to-browser,2010,4,181,0.49171270718232046,335,0.4835820895522388,200,0.56,843,0.06828729281767959
042,apis,2011,20,175,0.44,292,0.4041095890410959,829,0.4378769601930036,2012,-0.0021230398069964074
042,dislikes,2011,23,231,0.5194805194805194,318,0.46226415094339623,342,0.5497076023391813,1175,0.030227082858661825
042,members-only,2011,20,114,0.3684210526315789,166,0.3313253012048193,242,0.3884297520661157,847,0.02000869943453676
042,sharable,2011,10,262,0.3244274809160305,418,0.3492822966507177,593,0.37099494097807756,1670,0.04656746006204704
042,iot,2015,11,170,0.36470588235294116,1356,0.4174041297935103,2449,0.3728052266231115,3986,0.008099344270170339
